pm2_5,pm10,no2,so2,co,temperature,humidity,pressure,wind_speed,apparent_temperature,year,month,day,weekday,city_encoded,aqi
79.57,131.62,12.64,27.7,3.78,19.783333333333335,64.91666666666667,1008.575,10.883333333333333,19.145833333333332,2020,1,1,2,0,216.0
72.59,128.86,14.38,23.96,3.63,19.920833333333334,66.16666666666667,1010.5416666666666,9.908333333333331,19.541666666666668,2020,1,2,3,0,162.0
69.54,128.99,15.13,35.78,7.06,18.2,68.25,1010.9083333333332,7.8875,17.650000000000002,2020,1,3,4,0,220.0
66.2,138.47,20.79,38.98,8.97,18.154166666666665,62.5,1009.775,9.8875,16.904166666666665,2020,1,4,5,0,254.0
55.99,110.41,15.34,45.83,5.41,18.404166666666665,59.458333333333336,1009.9541666666668,12.654166666666669,16.575,2020,1,5,6,0,255.0
46.96,109.44,16.88,38.11,7.17,19.8625,63.166666666666664,1009.4333333333334,10.429166666666664,19.204166666666666,2020,1,6,0,0,175.0
70.06,161.09,22.67,58.67,7.37,21.216666666666665,70.41666666666667,1007.3333333333334,7.2,21.979166666666668,2020,1,7,1,0,285.0
61.4,118.44,16.33,30.54,2.38,19.7,58.708333333333336,1007.55,12.533333333333331,18.266666666666666,2020,1,8,2,0,157.0
38.89,93.4,14.14,46.78,2.41,16.5625,49.708333333333336,1011.1,13.9625,13.483333333333334,2020,1,9,3,0,129.0
56.14,108.83,11.65,26.75,2.5,16.641666666666666,48.416666666666664,1010.9666666666668,17.729166666666668,13.0125,2020,1,10,4,0,129.0
59.96,109.98,14.37,45.44,2.38,19.025,51.875,1009.5875,15.158333333333331,16.608333333333334,2020,1,11,5,0,114.0
83.9,152.94,20.66,58.01,8.81,22.258333333333336,62.125,1007.5083333333332,9.975,22.40416666666667,2020,1,12,6,0,212.0
89.34,143.84,19.05,62.71,8.08,19.825,75.16666666666667,1005.7708333333334,10.083333333333334,20.129166666666663,2020,1,13,0,0,368.0
39.83,44.53,16.42,25.78,3.26,17.933333333333334,59.958333333333336,1007.7333333333332,9.345833333333331,16.537499999999998,2020,1,14,1,0,189.0
53.27,90.4,16.01,19.5,3.59,16.608333333333334,55.875,1007.5583333333334,9.033333333333331,14.675,2020,1,15,2,0,142.0
40.07,79.32,13.41,10.67,3.75,15.995833333333332,62.958333333333336,1008.375,12.883333333333333,13.845833333333331,2020,1,16,3,0,152.0
80.24,219.84,15.61,36.88,20.06,16.566666666666666,67.79166666666667,1009.6666666666666,8.025,15.579166666666666,2020,1,17,4,0,334.0
59.51,106.43,25.39,71.69,24.98,17.3625,61.958333333333336,1009.6791666666668,8.470833333333333,16.158333333333335,2020,1,18,5,0,547.0
36.05,79.23,22.26,46.67,13.05,18.2375,52.208333333333336,1010.5,12.658333333333331,15.933333333333332,2020,1,19,6,0,375.0
36.21,82.86,15.65,44.86,20.86,18.116666666666667,56.041666666666664,1009.2833333333332,11.079166666666666,16.283333333333335,2020,1,20,0,0,384.0
51.15,123.03,25.32,84.52,33.0,18.533333333333335,55.791666666666664,1008.9083333333332,8.2875,17.170833333333334,2020,1,21,1,0,529.0
51.32,121.82,23.56,50.3,20.18,19.816666666666663,53.916666666666664,1010.6125,9.895833333333334,18.529166666666665,2020,1,22,2,0,449.0
38.71,88.47,16.11,34.63,10.39,20.1625,52.25,1011.3125,14.770833333333334,18.025,2020,1,23,3,0,483.0
40.83,96.12,19.84,54.28,18.14,19.9125,47.583333333333336,1009.9416666666666,11.225,17.991666666666667,2020,1,24,4,0,444.2
61.05,132.46,23.86,144.29,19.52,19.570833333333333,53.208333333333336,1009.0125,6.995833333333334,18.470833333333335,2020,1,25,5,0,405.4
62.03,191.09,12.48,112.57,118.0,20.89166666666667,52.416666666666664,1006.9375,6.670833333333333,20.095833333333335,2020,1,26,6,0,366.6
33.93,85.43,30.39,51.25,9.53,21.004166666666663,58.333333333333336,1004.375,8.845833333333333,20.5125,2020,1,27,0,0,327.8
18.03,66.54,18.02,35.39,11.31,20.204166666666666,51.541666666666664,1005.35,12.366666666666667,18.3875,2020,1,28,1,0,289.0
28.77,73.99,21.98,40.13,20.76,17.775000000000002,51.25,1009.4708333333332,8.716666666666667,15.8625,2020,1,29,2,0,204.0
41.74,92.88,26.88,100.04,36.07,17.9875,49.666666666666664,1010.0458333333332,7.9875,16.133333333333333,2020,1,30,3,0,528.0
57.28,109.84,50.06,83.08,36.16,18.3375,52.083333333333336,1007.9208333333332,8.133333333333333,16.754166666666666,2020,1,31,4,0,660.0
88.79,125.19,54.23,56.67,15.2,19.279166666666665,34.375,1009.3666666666668,13.545833333333334,15.783333333333331,2020,2,1,5,0,483.0
52.31,97.67,38.28,36.8,9.38,20.254166666666663,39.166666666666664,1010.2666666666668,14.841666666666669,17.216666666666665,2020,2,2,6,0,336.0
68.19,106.14,45.94,31.18,10.08,20.775,42.833333333333336,1009.3375,10.4875,18.85,2020,2,3,0,0,272.0
80.59,127.97,59.9,48.18,29.48,19.95,36.791666666666664,1008.0958333333332,8.670833333333333,17.4375,2020,2,4,1,0,571.0
77.56,137.39,59.03,59.11,30.93,19.966666666666665,41.541666666666664,1008.375,9.0875,17.879166666666666,2020,2,5,2,0,568.0
56.5,121.52,55.49,51.41,6.1,20.3875,36.791666666666664,1008.0083333333332,11.0,17.712500000000002,2020,2,6,3,0,387.0
66.87,127.71,53.47,47.32,23.75,20.4375,38.083333333333336,1009.225,11.620833333333332,17.870833333333334,2020,2,7,4,0,322.0
95.25,160.18,54.77,55.99,14.56,20.345833333333335,37.875,1011.7,14.941666666666668,17.087500000000002,2020,2,8,5,0,652.0
69.85,124.4,40.74,27.16,6.25,20.320833333333333,38.333333333333336,1011.9375,15.166666666666666,17.145833333333332,2020,2,9,6,0,215.0
64.94,116.45,47.28,31.84,8.62,20.6125,39.916666666666664,1010.0208333333334,12.325,18.129166666666663,2020,2,10,0,0,223.0
79.58,145.12,55.78,48.28,12.48,22.504166666666663,50.5,1009.4916666666668,9.620833333333334,21.8375,2020,2,11,1,0,340.0
83.67,164.2,56.27,52.9,27.61,24.3125,48.541666666666664,1010.6583333333332,9.554166666666667,23.829166666666666,2020,2,12,2,0,475.0
88.83,182.12,45.43,40.9,57.7,24.733333333333334,43.916666666666664,1010.3666666666668,9.941666666666666,23.679166666666664,2020,2,13,3,0,974.0
50.55,116.51,57.55,54.6,18.72,24.3,38.5,1008.2375,10.3875,22.6,2020,2,14,4,0,412.0
73.04,136.02,67.15,57.08,24.78,22.941666666666663,38.0,1007.2833333333332,7.120833333333334,21.491666666666664,2020,2,15,5,0,480.0
59.47,124.36,63.11,66.39,14.28,25.2375,40.416666666666664,1008.0916666666668,10.933333333333332,23.945833333333336,2020,2,16,6,0,388.0
62.48,147.78,50.12,57.29,43.22,25.72083333333333,27.708333333333332,1009.2833333333332,11.383333333333333,23.15833333333333,2020,2,17,0,0,543.0
85.33,163.52,54.08,64.71,59.34,24.6375,32.916666666666664,1007.95,7.3625,23.05,2020,2,18,1,0,1226.0
114.79,217.94,80.38,118.91,42.62,25.083333333333332,41.833333333333336,1005.325,6.625,24.545833333333334,2020,2,19,2,0,1291.0
65.74,164.24,70.75,72.14,22.33,24.6125,37.083333333333336,1004.7041666666668,8.329166666666667,23.120833333333337,2020,2,20,3,0,493.0
60.61,133.31,52.78,52.84,10.49,24.025,40.791666666666664,1007.9083333333332,8.070833333333333,22.929166666666664,2020,2,21,4,0,407.0
36.35,97.03,52.87,42.9,4.78,24.34166666666667,29.708333333333332,1010.4125,11.854166666666666,21.72083333333333,2020,2,22,5,0,168.0
54.06,104.74,51.33,48.07,4.22,24.4125,39.5,1008.9208333333332,10.2375,22.97083333333333,2020,2,23,6,0,219.0
68.68,141.39,74.32,42.37,10.92,24.316666666666663,41.458333333333336,1007.075,10.6375,22.95,2020,2,24,0,0,282.0
73.18,193.22,94.67,62.73,31.41,24.833333333333332,33.875,1006.8375,9.741666666666667,22.9625,2020,2,25,1,0,528.0
137.81,242.98,124.33,103.5,70.45,25.320833333333336,37.125,1007.0958333333332,3.2458333333333336,24.820833333333336,2020,2,26,2,0,983.0
94.27,177.11,92.35,68.76,92.96,26.1375,36.833333333333336,1006.4125,4.941666666666666,25.554166666666664,2020,2,27,3,0,1262.0
79.68,169.52,91.2,64.67,57.77,26.45,37.0,1003.9166666666666,6.016666666666667,25.775,2020,2,28,4,0,962.0
53.86,136.6,75.13,64.67,17.8,26.8375,35.958333333333336,1002.8416666666668,8.841666666666667,25.858333333333334,2020,2,29,5,0,421.0
53.06,123.32,59.64,70.8,22.34,26.0625,36.375,1004.2666666666668,6.729166666666667,25.2625,2020,3,1,6,0,475.0
56.2,149.92,62.85,81.42,23.13,25.854166666666668,32.5,1004.5416666666666,7.8625,24.3625,2020,3,2,0,0,508.0
77.58,155.65,60.32,119.95,21.26,25.9,37.25,1004.0208333333334,7.375,24.983333333333334,2020,3,3,1,0,460.0
49.16,125.88,31.08,51.07,7.4,25.3375,41.833333333333336,1003.9291666666668,11.8875,24.070833333333336,2020,3,4,2,0,246.0
43.75,115.5,24.16,63.99,8.43,24.129166666666663,53.625,1002.8541666666666,10.675,23.84166666666667,2020,3,5,3,0,261.0
54.05,128.08,28.74,61.9,10.7,23.191666666666663,52.666666666666664,1002.8458333333332,13.6875,22.041666666666668,2020,3,6,4,0,308.0
51.32,140.9,41.31,45.6,12.19,22.129166666666663,34.041666666666664,1006.7,5.783333333333334,20.445833333333333,2020,3,7,5,0,359.0
35.04,85.35,45.21,32.78,7.87,23.6625,33.708333333333336,1006.6958333333332,8.470833333333333,21.75,2020,3,8,6,0,325.0
37.02,90.26,32.91,42.98,5.55,25.4875,31.25,1004.1416666666668,13.6,23.0,2020,3,9,0,0,170.0
37.67,94.36,17.52,26.68,2.28,24.895833333333332,50.208333333333336,1002.4166666666666,14.058333333333332,24.066666666666663,2020,3,10,1,0,116.0
31.12,80.79,21.51,19.43,3.56,24.004166666666663,48.791666666666664,1003.9666666666668,15.45,22.358333333333334,2020,3,11,2,0,152.0
41.19,114.05,31.18,40.38,6.04,21.891666666666666,36.041666666666664,1006.6208333333334,11.129166666666668,19.433333333333337,2020,3,12,3,0,218.0
41.72,97.7,24.99,27.3,6.95,22.21666666666667,42.0,1008.25,8.991666666666667,20.654166666666665,2020,3,13,4,0,302.0
39.57,111.46,35.3,49.34,4.0,23.579166666666666,26.958333333333332,1008.15,11.35,20.595833333333335,2020,3,14,5,0,170.0
39.42,115.8,31.33,27.4,5.11,24.5625,25.291666666666668,1007.8583333333332,13.8,21.070833333333333,2020,3,15,6,0,215.0
36.03,90.32,34.32,28.6,3.89,25.941666666666663,25.0,1007.3875,12.583333333333334,22.975,2020,3,16,0,0,222.0
53.07,112.92,37.65,34.49,16.02,26.9,29.875,1006.8625,9.833333333333334,25.1875,2020,3,17,1,0,310.0
58.54,124.58,44.39,42.86,15.45,28.229166666666668,29.25,1005.8708333333334,9.6,26.6625,2020,3,18,2,0,487.0
101.09,162.86,43.66,42.07,15.07,28.84583333333333,28.083333333333332,1003.9041666666668,6.679166666666667,27.65416666666667,2020,3,19,3,0,988.0
50.47,109.06,35.13,44.08,4.67,27.15833333333333,31.791666666666668,1003.7166666666668,11.004166666666668,25.5,2020,3,20,4,0,642.0
74.43,132.17,31.56,67.89,9.82,26.920833333333334,47.916666666666664,1004.4541666666668,7.616666666666667,27.675,2020,3,21,5,0,296.0
48.16,122.17,18.27,52.62,5.47,28.9625,45.291666666666664,1005.125,7.170833333333333,29.9875,2020,3,22,6,0,180.0
44.61,112.32,31.4,34.25,4.98,29.916666666666668,39.458333333333336,1004.1875,6.454166666666667,30.545833333333334,2020,3,23,0,0,247.0
31.89,98.52,25.2,44.87,2.96,31.354166666666668,33.666666666666664,1002.9208333333332,11.104166666666666,30.97083333333333,2020,3,24,1,0,135.0
33.25,91.38,33.45,61.4,4.28,30.65,33.583333333333336,1002.4291666666668,8.620833333333334,30.416666666666668,2020,3,25,2,0,195.0
43.67,91.12,26.61,34.72,7.11,28.44583333333333,48.291666666666664,1004.1375,10.3625,29.1625,2020,3,26,3,0,216.0
22.93,37.12,18.52,16.19,5.23,25.2375,59.208333333333336,1007.3916666666668,11.154166666666669,25.829166666666666,2020,3,27,4,0,193.0
37.73,72.43,35.52,16.06,4.67,26.520833333333332,40.416666666666664,1006.75,8.841666666666667,25.991666666666664,2020,3,28,5,0,160.0
20.67,75.48,26.98,22.76,3.08,27.84583333333333,35.833333333333336,1004.6583333333332,9.758333333333333,27.02916666666667,2020,3,29,6,0,125.0
28.55,89.1,38.65,19.14,4.11,29.258333333333336,33.375,1003.6333333333332,8.233333333333333,28.6875,2020,3,30,0,0,140.0
29.97,98.96,22.08,32.01,3.85,29.0375,31.125,1003.6958333333332,9.075,28.041666666666668,2020,3,31,1,0,145.0
24.79,86.06,21.29,22.16,4.5,29.433333333333337,38.333333333333336,1004.5666666666666,11.979166666666666,29.0625,2020,4,1,2,0,153.0
25.52,88.12,24.24,18.54,4.46,29.15416666666667,35.791666666666664,1003.275,8.854166666666666,28.7625,2020,4,2,3,0,164.0
33.48,87.96,41.44,23.84,4.51,30.420833333333334,27.416666666666668,1003.4166666666666,11.054166666666667,28.85,2020,4,3,4,0,173.0
39.44,84.83,39.88,27.53,3.82,30.379166666666663,26.625,1003.7666666666668,8.970833333333333,29.041666666666668,2020,4,4,5,0,182.0
43.77,87.96,40.99,31.4,3.35,30.3625,26.458333333333332,1004.1625,5.479166666666667,29.483333333333334,2020,4,5,6,0,152.0
46.64,95.3,29.6,22.2,3.75,30.429166666666664,28.208333333333332,1003.9125,7.45,29.629166666666663,2020,4,6,0,0,145.0
45.8,104.5,16.8,31.04,3.87,30.96666666666667,29.666666666666668,1002.4916666666668,9.770833333333334,30.179166666666664,2020,4,7,1,0,159.0
36.3,90.07,15.65,30.8,5.19,30.316666666666663,40.416666666666664,1003.3541666666666,10.216666666666669,30.620833333333337,2020,4,8,2,0,183.0
32.12,89.74,21.61,20.75,5.07,30.6125,38.916666666666664,1003.8916666666668,8.5625,31.120833333333337,2020,4,9,3,0,168.0
30.73,78.56,28.65,32.01,0.59,31.695833333333336,29.583333333333332,1004.3208333333332,7.9875,31.27916666666667,2020,4,10,4,0,113.0
30.18,74.99,34.81,25.09,0.45,33.13333333333333,23.0,1005.1791666666668,9.541666666666666,31.795833333333334,2020,4,11,5,0,89.0
26.7,72.83,27.0,21.57,0.36,34.11666666666667,18.541666666666668,1003.8,10.116666666666667,32.175000000000004,2020,4,12,6,0,101.0
18.77,61.54,23.01,26.86,0.39,34.03333333333333,18.916666666666668,1002.6958333333332,12.958333333333334,31.666666666666668,2020,4,13,0,0,95.0
31.16,72.09,25.9,21.85,0.37,34.420833333333334,21.875,1002.675,10.7375,32.99166666666667,2020,4,14,1,0,89.0
23.69,64.81,17.18,23.5,0.43,33.86666666666667,23.708333333333332,1003.5166666666668,13.558333333333332,32.137499999999996,2020,4,15,2,0,88.0
38.65,81.47,26.76,22.03,0.36,33.05416666666667,27.583333333333332,1001.85,11.791666666666666,32.07083333333333,2020,4,16,3,0,95.0
30.8,76.25,25.97,18.03,0.36,33.31666666666667,31.041666666666668,1001.6083333333332,12.129166666666668,32.9,2020,4,17,4,0,92.0
30.69,107.31,22.57,36.24,0.41,33.954166666666666,26.416666666666668,1002.5458333333332,13.229166666666666,32.8125,2020,4,18,5,0,96.0
21.27,65.12,13.93,21.0,0.36,33.275,30.916666666666668,1002.3958333333334,13.6,32.574999999999996,2020,4,19,6,0,99.0
29.84,77.98,15.77,25.22,0.34,33.112500000000004,31.333333333333332,1001.575,13.541666666666666,32.545833333333334,2020,4,20,0,0,86.0
27.81,73.99,16.32,19.16,0.39,32.9625,34.458333333333336,1001.7541666666666,8.879166666666666,33.425000000000004,2020,4,21,1,0,87.0
32.11,94.34,17.95,15.83,0.45,34.00416666666667,32.916666666666664,1000.9041666666668,11.133333333333333,34.24166666666667,2020,4,22,2,0,101.0
31.67,81.09,16.17,32.39,0.35,34.36666666666667,31.708333333333332,1000.6583333333332,16.025000000000002,33.770833333333336,2020,4,23,3,0,106.0
27.19,82.36,16.13,20.59,0.28,33.395833333333336,34.458333333333336,999.8666666666668,18.5375,32.545833333333334,2020,4,24,4,0,110.0
28.25,70.48,13.88,16.51,0.38,31.770833333333332,41.791666666666664,1000.4541666666668,13.529166666666669,32.112500000000004,2020,4,25,5,0,98.0
25.91,73.35,13.82,10.58,0.4,32.27916666666667,41.666666666666664,1001.3416666666668,10.670833333333334,33.375,2020,4,26,6,0,101.0
31.76,81.16,19.95,29.73,0.46,32.24583333333333,41.5,1002.8041666666668,9.433333333333334,33.604166666666664,2020,4,27,0,0,117.0
32.55,87.41,23.58,42.86,0.46,33.608333333333334,34.083333333333336,1002.85,8.579166666666667,34.170833333333334,2020,4,28,1,0,130.0
27.15,76.73,24.82,32.97,0.67,35.1,25.666666666666668,1001.475,11.525,34.2375,2020,4,29,2,0,122.0
26.93,74.38,17.05,37.7,0.46,35.99583333333333,23.041666666666668,1001.8166666666666,11.45,34.99583333333333,2020,4,30,3,0,128.0
28.71,89.91,13.32,26.36,0.54,36.05833333333333,24.791666666666668,1001.8583333333332,13.0375,35.1875,2020,5,1,4,0,128.0
22.56,63.23,15.16,25.87,0.56,34.583333333333336,32.208333333333336,1000.6291666666666,15.391666666666666,33.9625,2020,5,2,5,0,131.0
23.82,62.1,16.38,22.71,0.64,34.333333333333336,38.458333333333336,1000.325,14.341666666666669,34.97083333333333,2020,5,3,6,0,121.0
23.73,69.88,15.87,20.04,0.73,34.579166666666666,41.583333333333336,1000.95,12.879166666666665,36.108333333333334,2020,5,4,0,0,130.0
33.47,134.83,29.05,2.42,0.54,35.03333333333333,39.208333333333336,1000.8583333333332,11.7875,36.520833333333336,2020,5,5,1,0,143.0
26.52,79.38,18.06,3.0507142857142853,0.67,34.82083333333333,37.541666666666664,999.7125,10.975,35.9375,2020,5,6,2,0,146.0
30.45,75.08,21.48,3.681428571428571,0.4,34.233333333333334,30.75,1000.2,7.7125,34.67916666666667,2020,5,7,3,0,135.0
26.79,66.34,14.99,4.312142857142857,0.51,34.4625,37.791666666666664,999.9541666666668,10.895833333333334,35.525,2020,5,8,4,0,127.0
23.79,74.56,16.64,4.942857142857142,0.55,34.44583333333333,40.25,1000.7666666666668,9.9375,36.145833333333336,2020,5,9,5,0,122.0
26.17,62.14,14.73,5.573571428571428,0.77,34.375,37.458333333333336,1000.5375,10.7625,35.4375,2020,5,10,6,0,125.0
21.31,66.1,15.01,6.204285714285714,0.54,33.637499999999996,40.541666666666664,1001.0833333333334,10.666666666666666,35.05833333333333,2020,5,11,0,0,125.0
21.94,69.06,16.95,6.834999999999999,0.58,33.9375,43.791666666666664,1000.3458333333332,9.6375,36.19583333333333,2020,5,12,1,0,135.0
23.19,67.28,17.46,7.465714285714284,0.48,34.916666666666664,39.541666666666664,999.4458333333332,11.070833333333333,36.704166666666666,2020,5,13,2,0,117.0
21.9,64.39,18.73,8.09642857142857,0.49,34.824999999999996,35.625,999.4791666666666,9.716666666666669,36.07083333333333,2020,5,14,3,0,127.0
19.15,78.8,19.59,8.727142857142855,0.51,35.233333333333334,32.791666666666664,999.4791666666666,12.629166666666668,35.65,2020,5,15,4,0,125.0
35.75,107.68,18.72,9.357857142857142,0.39,35.30416666666667,33.0,998.925,14.8375,35.35,2020,5,16,5,0,136.0
27.28,63.5,18.56,9.988571428571426,0.68,34.92916666666667,31.666666666666668,998.5583333333334,15.779166666666669,34.4375,2020,5,17,6,0,137.0
20.85,61.13,21.35,10.619285714285713,0.62,34.55416666666667,33.083333333333336,997.8958333333334,14.875,34.449999999999996,2020,5,18,0,0,133.0
23.98,56.9,26.56,11.249999999999998,0.61,34.449999999999996,35.041666666666664,996.9666666666668,13.408333333333331,34.8125,2020,5,19,1,0,133.0
25.6,82.26,22.47,11.880714285714284,0.69,35.93333333333333,26.875,996.2291666666666,13.8375,35.11666666666667,2020,5,20,2,0,132.0
33.35,84.99,25.02,12.511428571428567,0.56,35.87916666666667,24.041666666666668,997.5458333333332,12.395833333333334,34.84583333333333,2020,5,21,3,0,130.0
31.38,90.28,35.67,13.142142857142854,0.65,35.5875,24.458333333333332,998.7708333333334,13.925,34.237500000000004,2020,5,22,4,0,142.0
29.26,82.26,22.23,13.77285714285714,0.67,34.94166666666667,34.958333333333336,999.425,14.5375,35.074999999999996,2020,5,23,5,0,135.0
25.47,67.79,17.85,14.403571428571423,0.81,35.333333333333336,37.416666666666664,999.9666666666668,15.908333333333331,35.824999999999996,2020,5,24,6,0,140.0
24.84,70.95,16.03,15.03428571428571,0.57,35.24583333333333,39.75,1000.1916666666666,16.295833333333334,36.145833333333336,2020,5,25,0,0,126.0
29.78,99.14,19.35,15.664999999999996,0.59,34.94166666666667,42.083333333333336,999.4333333333334,16.579166666666666,35.99166666666667,2020,5,26,1,0,126.0
31.25,89.65,21.42,16.295714285714283,0.83,34.68333333333333,43.583333333333336,998.0791666666668,16.733333333333334,36.075,2020,5,27,2,0,123.0
30.7,86.02,18.84,16.926428571428566,0.56,35.025,41.083333333333336,996.8583333333332,17.76666666666667,36.05416666666667,2020,5,28,3,0,117.0
23.91,81.0,18.6,17.557142857142853,0.57,34.11666666666667,50.041666666666664,997.4625,16.3,36.583333333333336,2020,5,29,4,0,126.0
25.71,66.36,16.46,18.18785714285714,0.41,33.637499999999996,50.916666666666664,999.0916666666668,14.420833333333334,36.27916666666667,2020,5,30,5,0,112.0
22.83,67.92,15.35,18.818571428571424,0.4,34.25416666666667,47.458333333333336,999.8541666666666,11.441666666666668,36.979166666666664,2020,5,31,6,0,104.0
31.02,312.28,22.62,19.449285714285708,0.64,34.454166666666666,46.916666666666664,1000.0833333333334,11.454166666666666,37.375,2020,6,1,0,0,126.0
131.88,173.4,41.56,20.08,0.45,33.62083333333333,48.333333333333336,998.7916666666666,10.925,36.65416666666667,2020,6,2,1,0,152.0
78.97999999999999,586.27,43.36,23.71,0.44,33.420833333333334,44.791666666666664,996.5083333333332,9.404166666666669,35.77916666666667,2020,6,3,2,0,126.5
26.08,84.25,37.3,21.29,0.79,32.483333333333334,49.791666666666664,996.3291666666668,9.141666666666667,35.141666666666666,2020,6,4,3,0,101.0
30.72,88.9,33.6,14.73,0.63,31.541666666666668,66.08333333333333,997.45,14.141666666666666,35.708333333333336,2020,6,5,4,0,92.0
33.19,65.77,39.76,14.4,0.71,30.65833333333333,69.58333333333333,997.3583333333332,14.2125,34.94583333333333,2020,6,6,5,0,95.0
20.67,69.5,34.11,13.05,0.82,29.895833333333332,72.66666666666667,997.7708333333334,13.470833333333331,34.30833333333333,2020,6,7,6,0,93.0
22.92,70.97,28.47,11.6,0.57,29.0125,78.25,998.1083333333332,12.391666666666666,33.766666666666666,2020,6,8,0,0,97.0
21.17,81.73,25.68,12.69,0.86,29.770833333333332,75.58333333333333,998.3458333333332,10.05,34.9375,2020,6,9,1,0,84.0
23.62,94.06,20.92,16.22,0.85,31.25,69.58333333333333,997.3708333333334,9.654166666666669,36.575,2020,6,10,2,0,101.0
20.4,66.21,26.94,18.41,0.68,31.3,67.66666666666667,995.2291666666666,7.875,36.43333333333333,2020,6,11,3,0,92.0
21.4,93.89,22.4,16.27,0.85,32.69166666666667,63.625,993.4916666666668,8.870833333333334,37.979166666666664,2020,6,12,4,0,105.0
21.72,62.28,28.15,17.51,1.18,31.045833333333334,72.0,993.4083333333332,8.424999999999999,36.641666666666666,2020,6,13,5,0,98.0
24.1,87.14,27.53,20.82,0.86,29.72083333333333,80.08333333333333,995.3333333333334,10.3,35.454166666666666,2020,6,14,6,0,96.0
21.21,92.72,31.93,19.3,0.85,30.891666666666666,74.79166666666667,994.3458333333332,11.079166666666666,36.395833333333336,2020,6,15,0,0,96.0
31.49,94.09,24.73,11.26,0.85,31.40833333333333,72.29166666666667,993.0541666666668,12.066666666666668,36.8375,2020,6,16,1,0,80.0
14.79,11.5,19.65,9.4,0.81,30.6875,73.16666666666667,993.2416666666668,14.675,35.36666666666667,2020,6,17,2,0,95.0
12.1,89.23,36.24,11.72,0.56,30.766666666666666,71.875,994.7083333333334,15.4375,35.233333333333334,2020,6,18,3,0,101.5
17.65,135.16,33.84,9.9,0.71,31.15833333333333,69.91666666666667,996.3166666666666,17.920833333333334,35.083333333333336,2020,6,19,4,0,108.0
22.9,120.7,15.81,10.1,0.5,31.375,67.33333333333333,997.425,15.858333333333334,35.50833333333333,2020,6,20,5,0,124.0
24.28,138.12,12.44,11.45,0.7,30.879166666666663,69.91666666666667,996.3958333333334,15.445833333333333,35.1875,2020,6,21,6,0,106.0
19.02,98.37,16.76,13.32,0.52,30.46666666666667,70.875,995.1791666666668,14.820833333333333,34.775,2020,6,22,0,0,75.0
22.2,88.99,15.67,13.0,0.51,30.0375,71.95833333333333,996.5041666666666,13.345833333333331,34.35,2020,6,23,1,0,85.0
30.29,115.71,25.92,11.99,0.75,30.891666666666666,71.41666666666667,997.4666666666668,11.841666666666669,35.975,2020,6,24,2,0,91.0
32.56,142.43,24.83,11.73,0.65,30.791666666666668,72.875,996.9125,9.708333333333334,36.3125,2020,6,25,3,0,95.0
36.48,150.65,30.78,10.41,0.59,31.9625,66.58333333333333,996.2958333333332,11.008333333333333,36.82083333333333,2020,6,26,4,0,93.0
62.12,118.67,56.35,12.44,0.49,32.983333333333334,59.416666666666664,996.275,13.154166666666669,37.1125,2020,6,27,5,0,92.0
31.57,123.325,23.99,11.01,0.52,33.57083333333333,57.208333333333336,995.7333333333332,13.991666666666667,37.56666666666667,2020,6,28,6,0,82.0
29.75,127.98,25.15,12.1,0.67,33.00416666666667,62.0,995.4541666666668,10.266666666666667,38.03333333333333,2020,6,29,0,0,74.0
40.02,121.1,58.92,16.39,0.73,31.6125,67.16666666666667,995.375,6.304166666666667,37.15833333333333,2020,6,30,1,0,98.0
37.63,121.1,35.04,14.4,0.28,31.6625,65.375,995.5875,11.608333333333334,36.25,2020,7,1,2,0,119.0
28.25,40.44,12.66,12.44,0.65,25.054166666666664,87.75,1012.9916666666668,8.941666666666666,29.1875,2020,1,1,2,1,70.0
27.59,23.01,11.47,7.0,0.76,25.520833333333332,88.16666666666667,1013.8708333333334,8.020833333333334,30.0875,2020,1,2,3,1,57.0
32.16,36.63,10.95,10.2,0.97,26.15416666666667,84.875,1012.2625,7.275,30.879166666666663,2020,1,3,4,1,74.0
30.49,44.9,11.49,8.4,0.87,26.354166666666668,84.79166666666667,1010.575,8.2875,31.070833333333336,2020,1,4,5,1,64.0
23.37,30.76,8.69,7.45,0.77,26.116666666666664,84.41666666666667,1010.9375,7.583333333333333,30.625,2020,1,5,6,1,62.0
19.45,25.87,10.41,8.12,0.83,25.620833333333337,85.125,1012.9833333333332,12.95,29.15416666666667,2020,1,6,0,1,61.0
33.54,40.38,12.16,19.3,0.55,25.979166666666668,79.375,1012.7291666666666,16.770833333333332,28.570833333333336,2020,1,7,1,1,55.0
42.22,61.8,17.3,21.18,0.55,25.416666666666668,74.54166666666667,1012.1875,11.004166666666668,28.108333333333334,2020,1,8,2,1,73.0
42.16,75.24,17.47,17.91,0.78,24.6125,73.75,1011.8041666666668,7.370833333333334,27.4,2020,1,9,3,1,79.0
40.76,69.94,17.3,9.65,0.77,25.079166666666666,70.0,1012.2458333333334,10.825,27.09166666666667,2020,1,10,4,1,74.0
39.81,71.75,18.69,10.03,0.79,25.183333333333337,70.25,1013.1166666666668,10.354166666666666,27.304166666666664,2020,1,11,5,1,72.0
58.38,73.51,14.35,8.13,0.85,25.020833333333332,78.25,1011.9625,11.145833333333334,27.754166666666663,2020,1,12,6,1,83.0
74.12,122.43,16.68,17.51,0.88,24.2875,79.58333333333333,1010.9166666666666,8.366666666666667,27.25,2020,1,13,0,1,140.0
122.88,168.34,20.24,23.68,1.1,23.895833333333332,71.04166666666667,1011.0875,8.5,25.883333333333336,2020,1,14,1,1,230.0
48.06,66.92,13.76,17.7,0.65,25.225,62.25,1011.4458333333332,8.858333333333333,26.679166666666664,2020,1,15,2,1,168.0
34.09,44.39,12.32,19.88,0.65,25.425,68.33333333333333,1011.4666666666668,9.416666666666666,27.641666666666666,2020,1,16,3,1,74.0
35.33,53.18,11.1,22.76,0.7,25.27916666666667,82.20833333333333,1011.5833333333334,11.275,28.6,2020,1,17,4,1,62.0
28.67,28.47,10.68,27.29,0.84,25.875,80.95833333333333,1011.4875,13.008333333333333,29.0625,2020,1,18,5,1,65.0
31.17,33.25,17.08,23.09,0.78,26.21666666666667,74.75,1011.9875,10.45,29.383333333333336,2020,1,19,6,1,67.0
37.66,53.48,23.7,17.54,0.88,25.704166666666666,76.875,1012.7333333333332,9.533333333333331,29.070833333333336,2020,1,20,0,1,69.0
44.91,60.17,22.62,18.22,0.8,25.72083333333333,70.75,1014.1791666666668,12.054166666666667,27.916666666666668,2020,1,21,1,1,85.0
47.95,64.49,20.03,12.25,0.89,26.070833333333336,69.95833333333333,1014.4708333333332,14.3625,28.025,2020,1,22,2,1,93.0
59.95,85.4,16.9,17.79,0.87,25.90416666666667,72.04166666666667,1013.4125,11.791666666666666,28.4625,2020,1,23,3,1,104.0
62.34,112.61,24.68,19.6,0.97,24.120833333333337,78.83333333333333,1012.8916666666668,8.458333333333334,27.054166666666664,2020,1,24,4,1,123.0
50.48,95.63,20.2,14.06,0.9,23.27916666666667,81.79166666666667,1012.7375,7.958333333333333,26.170833333333334,2020,1,25,5,1,110.0
41.74,86.84,16.43,10.3,0.9,23.479166666666668,82.66666666666667,1011.5125,7.958333333333333,26.554166666666664,2020,1,26,6,1,87.0
47.26,79.24,18.37,8.09,1.08,24.479166666666668,79.625,1011.1375,10.733333333333334,27.295833333333334,2020,1,27,0,1,78.0
53.66,69.03,17.4,8.18,1.11,25.708333333333332,77.16666666666667,1011.2666666666668,12.554166666666667,28.645833333333332,2020,1,28,1,1,85.0
52.29,65.93,14.74,8.01,1.02,25.808333333333337,78.375,1012.1,12.120833333333332,29.029166666666665,2020,1,29,2,1,84.0
43.82,59.48,14.87,7.71,0.94,25.329166666666666,79.91666666666667,1011.2041666666668,10.483333333333333,28.65833333333333,2020,1,30,3,1,87.0
36.56,53.23,14.02,9.02,1.09,25.7125,77.375,1010.4666666666668,9.5375,29.1,2020,1,31,4,1,78.0
32.4,50.04,13.12,9.86,0.86,26.608333333333334,71.29166666666667,1011.2,10.833333333333334,29.570833333333336,2020,2,1,5,1,63.0
30.58,38.29,12.12,15.74,0.77,26.420833333333334,72.08333333333333,1013.1666666666666,11.666666666666666,29.27916666666667,2020,2,2,6,1,55.0
37.52,57.78,13.74,16.44,0.88,25.97083333333333,73.375,1013.5208333333334,10.2625,28.945833333333336,2020,2,3,0,1,63.0
39.6,65.6,10.92,16.41,0.88,25.958333333333332,75.25,1012.0208333333334,10.045833333333333,29.116666666666664,2020,2,4,1,1,74.0
39.93,59.04,13.26,12.91,0.84,25.854166666666668,71.29166666666667,1012.0125,9.541666666666666,28.65,2020,2,5,2,1,94.0
40.05,56.19,19.32,8.57,0.91,25.6375,74.91666666666667,1012.0125,10.7875,28.504166666666663,2020,2,6,3,1,89.0
36.32,55.83,14.12,8.19,0.78,26.504166666666663,67.45833333333333,1012.3583333333332,15.895833333333334,28.21666666666667,2020,2,7,4,1,75.0
28.45,49.06,10.61,8.97,0.77,26.475,68.5,1012.5875,14.470833333333331,28.5,2020,2,8,5,1,64.0
28.1,43.78,8.77,13.16,0.8,26.683333333333337,67.95833333333333,1012.9916666666668,13.970833333333331,28.691666666666663,2020,2,9,6,1,61.0
35.41,61.47,10.09,9.11,0.73,26.7875,62.083333333333336,1013.0875,14.366666666666667,28.245833333333337,2020,2,10,0,1,58.0
29.12,67.85,19.96,10.31,0.84,26.391666666666666,72.29166666666667,1013.35,15.091666666666669,28.725,2020,2,11,1,1,69.0
32.17,78.26,22.0,10.75,0.86,26.65,71.91666666666667,1014.3041666666668,14.604166666666666,29.1,2020,2,12,2,1,81.0
49.48,98.17,18.01,17.74,0.93,26.254166666666663,73.75,1013.5166666666668,10.9,29.34166666666667,2020,2,13,3,1,93.0
56.85,102.04,17.3,18.01,1.02,25.525,73.83333333333333,1011.3125,8.383333333333333,28.55,2020,2,14,4,1,118.0
54.82,84.0,17.74,13.03,0.9,24.929166666666664,71.20833333333333,1011.2583333333332,7.629166666666666,27.55,2020,2,15,5,1,121.0
35.13,53.43,12.71,13.14,0.78,25.104166666666668,71.375,1012.8458333333332,9.291666666666666,27.675,2020,2,16,6,1,82.0
34.25,64.36,13.64,13.37,0.77,25.320833333333336,67.875,1013.6666666666666,8.375,27.729166666666668,2020,2,17,0,1,72.0
41.49,79.79,18.11,9.15,0.96,25.2125,67.5,1013.1666666666666,9.070833333333333,27.3375,2020,2,18,1,1,85.0
42.95,94.21,14.71,15.05,0.77,25.65833333333333,65.04166666666667,1012.9875,9.604166666666666,27.65,2020,2,19,2,1,84.0
35.52,69.95,14.09,19.39,0.67,25.9125,61.583333333333336,1012.6958333333332,9.883333333333333,27.6375,2020,2,20,3,1,77.0
38.88,125.87,19.91,8.47,0.83,26.383333333333336,67.5,1013.9125,11.995833333333332,28.670833333333334,2020,2,21,4,1,75.0
29.2,51.45,8.63,8.51,0.86,26.97083333333333,72.83333333333333,1014.6708333333332,15.820833333333333,29.579166666666666,2020,2,22,5,1,76.0
28.75,53.6,8.88,18.19,0.72,26.808333333333337,73.75,1013.9791666666666,13.041666666666666,29.816666666666663,2020,2,23,6,1,65.0
31.07,73.54,10.95,11.57,0.97,26.5375,76.04166666666667,1011.4,10.3875,30.0875,2020,2,24,0,1,77.0
33.9,56.99,12.69,11.02,0.9,27.125,74.95833333333333,1009.9833333333332,12.579166666666667,30.59166666666667,2020,2,25,1,1,81.0
39.25,63.4,8.88,7.63,0.58,27.170833333333334,75.54166666666667,1010.4,10.866666666666667,30.9625,2020,2,26,2,1,84.0
42.97,72.05,8.7,8.79,0.67,27.15416666666667,73.83333333333333,1010.825,11.129166666666668,30.683333333333337,2020,2,27,3,1,83.0
33.08,49.17,11.08,16.07,0.77,27.045833333333334,72.16666666666667,1010.15,11.808333333333332,30.225,2020,2,28,4,1,75.0
36.15,84.54,14.62,19.12,0.69,26.85,72.83333333333333,1010.0541666666668,11.295833333333334,30.0875,2020,2,29,5,1,72.0
35.99,43.7,9.2,11.18,0.55,26.84166666666667,70.66666666666667,1010.2791666666668,11.108333333333334,29.891666666666666,2020,3,1,6,1,80.0
43.6,64.94,13.01,18.07,0.66,26.366666666666664,70.54166666666667,1010.5791666666668,9.75,29.21666666666667,2020,3,2,0,1,76.0
42.16,94.26,16.26,17.71,0.64,26.995833333333337,69.75,1009.8708333333334,9.854166666666666,30.1375,2020,3,3,1,1,96.0
33.29,66.83,15.71,6.97,0.7,26.820833333333336,76.29166666666667,1009.2958333333332,11.45,30.4625,2020,3,4,2,1,84.0
26.69,29.86,14.04,6.12,0.74,27.208333333333332,75.33333333333333,1008.6416666666668,15.445833333333333,30.21666666666667,2020,3,5,3,1,77.0
24.95,25.63,9.72,6.52,0.75,27.4875,73.95833333333333,1009.375,16.458333333333332,30.316666666666663,2020,3,6,4,1,61.0
30.94,27.06,10.66,4.53,0.65,27.6,74.375,1010.6958333333332,17.75,30.358333333333334,2020,3,7,5,1,69.0
21.85,25.97,6.21,6.52,0.62,27.25,73.75,1010.4541666666668,13.095833333333331,30.579166666666666,2020,3,8,6,1,57.0
25.93,34.85,8.54,5.87,0.71,26.920833333333334,72.75,1009.3583333333332,10.6875,30.195833333333336,2020,3,9,0,1,65.0
27.37,41.72,10.56,5.51,0.55,27.28333333333333,71.5,1009.6166666666668,12.308333333333332,30.4625,2020,3,10,1,1,61.0
16.69,38.14,7.98,8.56,0.63,26.920833333333334,73.375,1010.0791666666668,13.816666666666668,29.883333333333336,2020,3,11,2,1,76.0
24.94,41.38,8.75,5.64,0.74,27.370833333333337,73.45833333333333,1011.0666666666666,12.916666666666666,30.679166666666664,2020,3,12,3,1,65.0
35.65,33.31,16.97,5.6,0.96,27.53333333333333,72.91666666666667,1011.175,10.904166666666669,31.220833333333335,2020,3,13,4,1,72.0
39.29,46.44,15.67,13.21,0.7,27.483333333333334,73.5,1010.15,10.15,31.3125,2020,3,14,5,1,74.0
38.48,51.07,10.34,14.94,0.55,27.7,70.91666666666667,1009.9833333333332,10.6375,31.329166666666666,2020,3,15,6,1,79.0
33.26,5.29,10.44,19.01,0.86,28.233333333333334,71.20833333333333,1011.0208333333334,12.225,31.9125,2020,3,16,0,1,66.0
41.56,123.82,9.17,7.6,0.86,27.8125,75.16666666666667,1012.3833333333332,10.1125,32.079166666666666,2020,3,17,1,1,76.0
39.41,4.94,8.1,5.75,0.87,27.691666666666663,77.66666666666667,1011.4625,9.9375,32.18333333333333,2020,3,18,2,1,92.0
44.73,6.39,10.09,5.81,0.87,28.133333333333336,76.58333333333333,1010.1583333333332,13.8,32.1875,2020,3,19,3,1,88.0
32.68,4.82,8.56,5.55,0.91,27.804166666666664,76.95833333333333,1009.9291666666668,15.004166666666668,31.6,2020,3,20,4,1,95.0
29.1,1.8,8.49,5.84,0.97,28.09166666666667,75.33333333333333,1009.7791666666668,15.895833333333334,31.6375,2020,3,21,5,1,80.0
39.42,1.005,5.39,4.84,0.85,28.208333333333332,73.83333333333333,1009.6708333333332,14.954166666666666,31.754166666666663,2020,3,22,6,1,71.0
31.91,0.21,7.85,5.93,0.94,28.004166666666663,69.625,1009.7416666666668,12.766666666666666,31.270833333333332,2020,3,23,0,1,73.0
24.22,6.07,6.91,5.83,0.61,27.879166666666663,71.54166666666667,1008.5125,10.245833333333334,31.72083333333333,2020,3,24,1,1,57.0
22.43,1.63,4.38,5.04,0.65,27.7625,72.20833333333333,1008.5041666666666,10.3,31.558333333333337,2020,3,25,2,1,58.0
31.57,4.06,7.22,6.3,0.55,28.045833333333334,71.91666666666667,1009.125,9.875,32.0875,2020,3,26,3,1,54.0
27.6,0.62,4.85,5.09,0.51,27.854166666666668,71.375,1010.8,9.554166666666667,31.754166666666663,2020,3,27,4,1,59.0
34.81,1.55,4.91,4.41,0.56,27.333333333333332,72.83333333333333,1009.6375,9.770833333333334,31.016666666666666,2020,3,28,5,1,55.0
26.79,111.83,7.21,6.88,0.52,27.608333333333334,73.54166666666667,1008.7,11.425,31.304166666666664,2020,3,29,6,1,53.0
29.31,162.67,9.78,5.79,0.52,27.145833333333332,75.54166666666667,1009.3958333333334,8.887500000000001,31.2625,2020,3,30,0,1,50.0
31.56,185.25,8.57,6.26,0.51,27.504166666666663,76.29166666666667,1009.9166666666666,8.475,31.916666666666668,2020,3,31,1,1,60.0
32.94,3.73,10.39,5.54,0.62,28.02916666666667,76.45833333333333,1009.2,11.120833333333332,32.375,2020,4,1,2,1,75.0
31.17,170.09,8.54,4.94,0.61,28.495833333333337,77.25,1008.0875,14.345833333333331,32.75,2020,4,2,3,1,74.0
24.81,183.34,7.25,5.22,0.59,28.754166666666663,74.75,1008.7833333333332,15.591666666666669,32.67916666666667,2020,4,3,4,1,72.0
20.77,291.75,7.11,4.61,0.58,28.6,73.45833333333333,1009.7625,12.816666666666668,32.699999999999996,2020,4,4,5,1,67.0
21.59,177.96,7.27,4.96,0.55,29.3375,75.58333333333333,1010.15,14.758333333333333,33.87083333333333,2020,4,5,6,1,66.0
14.27,119.96,9.43,4.12,0.61,29.425,77.75,1009.825,15.408333333333331,34.18333333333333,2020,4,6,0,1,57.0
11.9,151.3,9.57,4.57,0.59,29.320833333333336,76.625,1008.5541666666668,16.083333333333332,33.708333333333336,2020,4,7,1,1,55.0
14.77,288.68,7.9,4.13,0.57,29.641666666666666,77.41666666666667,1008.75,15.991666666666667,34.4,2020,4,8,2,1,55.0
14.71,180.01,12.74,4.78,0.57,29.295833333333334,78.0,1009.1958333333332,14.145833333333334,34.079166666666666,2020,4,9,3,1,55.0
41.02,176.83282608695652,12.87,7.49,0.56,28.979166666666668,73.625,1010.0041666666666,13.0625,33.204166666666666,2020,4,10,4,1,80.0
15.66,173.65565217391304,11.18,11.31,0.57,29.004166666666663,73.45833333333333,1011.0708333333332,10.45,33.733333333333334,2020,4,11,5,1,60.0
14.86,170.47847826086957,10.38,7.11,0.65,28.35,76.16666666666667,1010.1333333333332,9.941666666666666,33.025,2020,4,12,6,1,59.0
17.95,167.3013043478261,12.1,7.13,0.66,28.170833333333334,77.25,1008.6041666666666,10.895833333333334,32.762499999999996,2020,4,13,0,1,64.0
17.87,164.1241304347826,9.58,5.96,0.59,28.1875,75.125,1008.9333333333334,10.495833333333334,32.56666666666667,2020,4,14,1,1,65.0
14.64,160.94695652173914,8.34,6.13,0.59,28.704166666666666,72.875,1009.9291666666668,11.483333333333334,33.016666666666666,2020,4,15,2,1,62.0
20.3,157.76978260869564,8.1,5.2,0.61,28.90833333333333,76.70833333333333,1008.6458333333334,13.891666666666666,33.44166666666667,2020,4,16,3,1,65.0
8.43,154.59260869565216,5.33,5.42,0.58,29.583333333333332,75.33333333333333,1007.9708333333332,17.275000000000002,33.84166666666667,2020,4,17,4,1,65.0
8.94,151.41543478260868,7.29,5.2,0.6,29.5375,75.33333333333333,1008.325,16.429166666666667,33.90833333333333,2020,4,18,5,1,56.0
8.1,148.2382608695652,5.34,4.49,0.58,29.683333333333337,75.04166666666667,1008.3,15.025,34.3375,2020,4,19,6,1,59.0
9.71,145.0610869565217,4.08,5.2,0.55,29.608333333333334,74.70833333333333,1008.2333333333332,13.225,34.4125,2020,4,20,0,1,59.0
10.67,141.88391304347826,4.48,4.84,0.64,29.445833333333336,74.125,1008.1791666666668,13.504166666666668,34.012499999999996,2020,4,21,1,1,61.0
12.65,138.70673913043478,8.04,4.83,0.58,29.570833333333336,76.66666666666667,1007.65,16.8625,34.016666666666666,2020,4,22,2,1,60.0
8.06,135.5295652173913,11.64,4.69,0.59,29.7875,76.0,1007.2708333333334,16.825,34.362500000000004,2020,4,23,3,1,56.0
8.08,132.3523913043478,10.61,4.44,0.66,30.1,75.5,1006.7458333333334,19.2875,34.37083333333333,2020,4,24,4,1,58.0
10.46,129.17521739130433,11.07,4.79,0.68,30.604166666666668,76.33333333333333,1006.3541666666666,18.883333333333333,35.420833333333334,2020,4,25,5,1,67.0
10.76,125.99804347826088,12.01,6.89,0.78,29.954166666666666,76.33333333333333,1007.5625,18.504166666666663,34.295833333333334,2020,4,26,6,1,66.0
10.46,122.82086956521738,6.92,4.29,0.75,30.075,75.91666666666667,1008.4083333333332,15.954166666666666,34.829166666666666,2020,4,27,0,1,60.0
6.55,119.6436956521739,5.65,4.57,0.7,29.983333333333334,75.08333333333333,1007.9875,13.6,34.94166666666667,2020,4,28,1,1,68.0
11.11,116.46652173913044,6.85,4.4,0.68,29.758333333333336,73.58333333333333,1007.7291666666666,10.095833333333331,34.699999999999996,2020,4,29,2,1,69.0
10.39,113.28934782608697,11.18,4.74,0.67,29.90416666666667,77.66666666666667,1008.025,13.454166666666666,35.233333333333334,2020,4,30,3,1,70.0
14.13,110.11217391304348,5.39,4.43,0.73,30.316666666666663,76.16666666666667,1007.4333333333334,13.883333333333333,35.69583333333333,2020,5,1,4,1,71.0
13.08,106.935,4.25,3.96,0.7,30.383333333333336,78.08333333333333,1006.1833333333334,14.404166666666669,35.94166666666667,2020,5,2,5,1,70.0
11.67,103.75782608695653,3.73,4.47,0.75,30.270833333333332,77.54166666666667,1006.1208333333334,15.1375,35.612500000000004,2020,5,3,6,1,71.0
7.03,100.58065217391304,4.1,4.61,0.7,29.891666666666666,75.83333333333333,1007.1583333333332,15.6125,34.637499999999996,2020,5,4,0,1,66.0
19.68,97.40347826086956,4.13,3.61,0.75,30.129166666666663,76.54166666666667,1006.9,16.220833333333335,35.079166666666666,2020,5,5,1,1,81.0
10.11,94.22630434782609,5.59,6.99,0.69,30.225,74.45833333333333,1006.6125,16.433333333333334,34.9,2020,5,6,2,1,78.0
11.23,91.0491304347826,5.48,3.98,0.76,30.320833333333336,77.375,1006.7875,15.454166666666666,35.612500000000004,2020,5,7,3,1,73.0
11.72,87.87195652173914,5.17,4.85,0.72,30.441666666666663,76.0,1006.8333333333334,14.770833333333334,35.675000000000004,2020,5,8,4,1,76.0
9.99,84.69478260869565,4.57,3.53,0.69,30.445833333333336,75.41666666666667,1006.925,13.333333333333334,35.925000000000004,2020,5,9,5,1,65.0
9.64,81.51760869565217,5.09,3.92,0.72,30.195833333333336,76.25,1006.7333333333332,11.6375,35.824999999999996,2020,5,10,6,1,69.0
8.36,78.3404347826087,5.29,4.54,0.71,30.275,75.0,1007.2208333333332,10.679166666666667,35.895833333333336,2020,5,11,0,1,66.0
8.82,75.16326086956522,5.42,4.63,0.72,29.333333333333332,80.25,1006.8791666666666,8.891666666666667,35.11666666666667,2020,5,12,1,1,68.0
15.57,71.98608695652175,5.26,4.34,0.66,29.958333333333332,76.0,1005.8833333333332,9.720833333333331,35.61666666666667,2020,5,13,2,1,69.0
8.72,68.80891304347826,7.32,4.55,0.7,30.166666666666668,74.95833333333333,1005.1708333333332,9.029166666666669,35.92916666666667,2020,5,14,3,1,77.0
20.25,65.63173913043478,10.11,4.12,0.83,30.375,74.70833333333333,1003.7166666666668,12.416666666666666,35.67916666666667,2020,5,15,4,1,70.0
28.71,62.454565217391306,5.45,4.68,0.84,30.933333333333337,72.33333333333333,1002.9416666666666,12.954166666666666,36.09583333333333,2020,5,16,5,1,82.0
10.99,59.27739130434783,8.16,4.13,0.7,30.741666666666664,73.58333333333333,1001.4291666666668,11.608333333333334,35.9625,2020,5,17,6,1,68.0
18.49,56.10021739130436,8.74,4.49,1.06,32.06666666666667,65.08333333333333,998.9666666666668,11.525,36.74166666666667,2020,5,18,0,1,76.0
28.06,52.92304347826087,15.18,5.0,0.93,34.074999999999996,54.083333333333336,997.4666666666668,16.004166666666666,36.99166666666667,2020,5,19,1,1,82.0
30.39,49.74586956521739,14.36,3.87,1.01,34.083333333333336,53.5,999.0375,18.404166666666665,36.92916666666667,2020,5,20,2,1,90.0
27.01,46.56869565217392,12.19,5.66,1.01,32.920833333333334,58.208333333333336,1001.4583333333334,17.758333333333333,36.32083333333333,2020,5,21,3,1,92.0
23.02,43.39152173913044,11.32,6.39,0.95,32.329166666666666,65.875,1002.6166666666668,15.5875,36.920833333333334,2020,5,22,4,1,102.0
21.24,40.21434782608696,10.08,7.14,0.84,31.30416666666667,74.70833333333333,1003.3625,17.05,36.65833333333333,2020,5,23,5,1,77.0
22.78,37.03717391304349,9.37,6.79,1.12,30.925,78.45833333333333,1004.5416666666666,17.349999999999998,36.520833333333336,2020,5,24,6,1,81.0
25.2,33.86,9.59,6.77,1.01,30.741666666666664,77.0,1005.9041666666668,16.0625,36.2125,2020,5,25,0,1,79.0
27.82,311.98,8.96,6.44,1.0,30.741666666666664,77.375,1005.7291666666666,17.279166666666665,36.020833333333336,2020,5,26,1,1,79.0
20.0,234.46,9.65,7.23,1.07,31.183333333333337,77.04166666666667,1004.85,18.45,36.52916666666667,2020,5,27,2,1,77.0
31.03,207.7975,10.58,6.1,1.12,31.733333333333334,74.95833333333333,1003.2958333333332,18.754166666666663,37.11666666666667,2020,5,28,3,1,79.0
38.3,181.135,13.54,6.54,1.11,31.72083333333333,68.08333333333333,1003.475,17.349999999999998,36.24583333333333,2020,5,29,4,1,112.0
33.99,154.4725,9.69,5.44,0.94,30.995833333333337,75.08333333333333,1004.8,17.366666666666667,35.92916666666667,2020,5,30,5,1,105.0
18.85,127.81,7.97,4.8,1.02,30.833333333333332,73.91666666666667,1005.8375,20.425,35.204166666666666,2020,5,31,6,1,88.0
36.15,346.73,10.07,7.27,1.16,31.09166666666667,73.20833333333333,1006.2416666666668,16.508333333333333,36.0,2020,6,1,0,1,101.0
18.83,25.52,9.24,6.57,1.07,30.90416666666667,70.875,1005.7083333333334,13.791666666666666,35.75,2020,6,2,1,1,95.0
20.61,13.84,9.41,4.04,1.01,31.25,63.875,1004.7291666666666,17.795833333333334,34.666666666666664,2020,6,3,2,1,76.0
18.5,76.53,8.64,4.05,1.05,31.59166666666667,65.95833333333333,1004.7083333333334,17.104166666666668,35.65416666666667,2020,6,4,3,1,99.0
18.53,27.33,9.51,5.31,1.09,31.9,64.08333333333333,1004.7083333333334,14.65,36.09166666666667,2020,6,5,4,1,81.0
40.73,42.38,10.97,5.12,1.17,31.329166666666666,64.75,1004.1291666666666,15.083333333333334,35.229166666666664,2020,6,6,5,1,92.0
20.52,142.52,12.19,5.35,1.17,31.916666666666668,58.916666666666664,1003.3,16.629166666666666,34.84166666666667,2020,6,7,6,1,128.0
23.04,72.71,12.62,6.34,1.16,31.97083333333333,57.541666666666664,1002.9083333333332,14.145833333333334,35.233333333333334,2020,6,8,0,1,85.0
22.43,32.25,16.08,5.45,0.96,31.4375,65.45833333333333,1002.2333333333332,13.208333333333334,35.5,2020,6,9,1,1,87.0
30.42,36.47,13.97,6.85,0.83,30.7875,64.33333333333333,1001.6166666666668,11.4875,34.666666666666664,2020,6,10,2,1,80.0
26.37,40.69,11.45,5.45,1.21,30.041666666666668,64.875,1000.9208333333332,13.5375,33.141666666666666,2020,6,11,3,1,106.0
104.45,25.05,13.24,6.83,1.2,31.441666666666663,55.875,1000.3333333333334,17.129166666666666,33.47083333333333,2020,6,12,4,1,169.0
20.76,35.25,11.16,5.77,1.01,31.21666666666667,59.416666666666664,1000.9583333333334,17.508333333333333,33.96666666666667,2020,6,13,5,1,112.0
20.17,56.04,14.53,4.18,1.03,31.633333333333336,63.875,1002.0041666666666,14.154166666666669,35.766666666666666,2020,6,14,6,1,80.0
19.34,43.22,11.06,6.57,1.17,32.4375,57.5,1001.9666666666668,16.091666666666665,35.612500000000004,2020,6,15,0,1,79.0
24.1,42.54,12.26,4.44,1.18,31.8625,64.79166666666667,1001.2958333333332,16.962500000000002,35.8125,2020,6,16,1,1,86.0
32.37,43.27,15.03,7.76,1.08,31.729166666666668,64.375,1002.0375,14.2875,35.94583333333333,2020,6,17,2,1,96.0
23.89,41.27,17.22,9.99,1.21,32.03333333333333,60.875,1003.4958333333334,12.945833333333333,35.858333333333334,2020,6,18,3,1,112.0
29.8,48.4,15.56,6.45,1.05,31.854166666666668,59.875,1003.7708333333334,13.0125,35.6625,2020,6,19,4,1,109.0
89.92,50.56,14.48,5.5,1.12,31.508333333333336,62.541666666666664,1003.6416666666668,12.225,35.516666666666666,2020,6,20,5,1,152.0
26.53,55.74,13.11,5.53,1.08,30.975,65.45833333333333,1002.9,9.458333333333334,35.333333333333336,2020,6,21,6,1,140.0
23.55,35.3,8.94,6.66,1.12,30.416666666666668,69.29166666666667,1001.6208333333334,12.145833333333334,34.86666666666667,2020,6,22,0,1,106.0
18.95,24.27,11.11,8.1,1.13,29.1625,76.58333333333333,1003.6333333333332,11.079166666666666,34.18333333333333,2020,6,23,1,1,109.0
28.83,31.28,9.57,6.32,1.07,28.8875,78.5,1003.9333333333334,10.029166666666669,34.3375,2020,6,24,2,1,102.0
23.13,35.95,10.74,7.92,1.1,28.370833333333337,80.0,1003.2416666666668,10.304166666666667,33.6,2020,6,25,3,1,108.0
23.75,38.41,7.94,5.55,1.14,28.633333333333336,80.41666666666667,1002.8208333333332,12.920833333333334,33.63333333333333,2020,6,26,4,1,95.0
26.42,39.3,12.96,7.29,1.1,29.766666666666666,79.41666666666667,1002.6791666666668,11.204166666666666,35.666666666666664,2020,6,27,5,1,95.0
25.93,45.54,10.0,6.48,0.76,29.491666666666664,80.0,1002.5958333333332,9.745833333333334,35.449999999999996,2020,6,28,6,1,98.0
21.3,22.21,9.69,6.62,0.96,28.97083333333333,81.29166666666667,1002.05,9.966666666666669,34.74166666666667,2020,6,29,0,1,104.0
24.14,30.66,12.38,7.5,1.05,28.3625,82.875,1002.1166666666668,7.808333333333334,34.3125,2020,6,30,1,1,110.0
15.95,4.85,10.72,9.23,1.02,28.96666666666667,82.79166666666667,1002.675,8.25,35.0375,2020,7,1,2,1,92.0
372.14,483.87,64.18,18.49,3.15,10.020833333333334,78.91666666666667,995.3458333333332,8.104166666666666,7.916666666666667,2020,1,1,2,2,492.0
327.04,439.31,64.8,19.95,3.32,12.941666666666668,78.54166666666667,995.2375,8.579166666666667,11.470833333333331,2020,1,2,3,2,485.0
228.9,337.04,55.65,14.93,2.8,14.008333333333333,78.16666666666667,993.3291666666668,6.483333333333333,13.091666666666669,2020,1,3,4,2,426.0
220.6,327.22,57.67,12.85,2.2,13.4375,81.79166666666667,992.1125,5.429166666666667,12.704166666666666,2020,1,4,5,2,366.0
170.21,257.94,48.25,9.59,1.23,13.291666666666666,73.91666666666667,992.5625,9.075,11.545833333333334,2020,1,5,6,2,354.0
159.64,247.47,51.19,11.34,1.27,13.475,76.45833333333333,993.5166666666668,6.670833333333333,12.291666666666666,2020,1,6,0,2,335.0
120.31,176.22,44.9,12.74,1.18,13.970833333333331,83.25,991.0166666666668,9.845833333333331,12.879166666666668,2020,1,7,1,2,285.0
117.98,145.85,38.64,8.67,1.13,12.85,91.70833333333331,988.9291666666668,9.241666666666667,11.979166666666666,2020,1,8,2,2,281.0
89.26,132.06,32.3,7.28,0.89,10.5125,78.0,993.7125,11.975,7.904166666666666,2020,1,9,3,2,231.0
130.82,203.54,45.12,9.44,1.3,10.054166666666667,77.54166666666667,994.1458333333334,11.683333333333332,7.383333333333333,2020,1,10,4,2,255.0
151.1,245.62,53.28,11.65,1.54,10.329166666666667,77.04166666666667,993.6916666666666,9.3375,8.049999999999999,2020,1,11,5,2,309.0
207.23,325.36,59.91,12.35,2.26,11.808333333333332,77.95833333333333,990.8875,8.445833333333333,10.0,2020,1,12,6,2,352.0
218.98,329.77,55.04,11.59,2.11,14.591666666666669,82.625,986.375,10.470833333333331,13.620833333333332,2020,1,13,0,2,381.0
115.62,163.67,38.08,9.24,1.16,13.9625,86.41666666666667,989.8,8.6,13.2,2020,1,14,1,2,314.0
111.57,179.08,47.45,10.68,1.17,12.429166666666667,82.91666666666667,990.8541666666666,8.604166666666666,11.070833333333333,2020,1,15,2,2,241.0
139.06,197.9,44.21,10.44,1.11,12.425,89.58333333333333,989.7916666666666,7.691666666666666,11.554166666666667,2020,1,16,3,2,286.0
107.65,152.98,36.19,9.69,1.14,13.045833333333334,88.125,990.7958333333332,7.591666666666666,12.254166666666668,2020,1,17,4,2,287.0
125.3,198.24,43.78,9.65,1.32,12.508333333333333,88.95833333333333,992.7,6.333333333333333,11.754166666666668,2020,1,18,5,2,262.0
125.04,187.93,34.18,8.69,0.96,11.729166666666666,82.45833333333333,993.35,9.308333333333332,10.020833333333334,2020,1,19,6,2,290.0
142.18,225.67,38.21,9.65,1.39,12.1375,83.75,992.3125,8.241666666666667,10.758333333333333,2020,1,20,0,2,282.0
222.81,348.45,48.18,12.24,1.93,12.858333333333334,85.58333333333333,993.0291666666668,5.8,12.120833333333332,2020,1,21,1,2,359.0
198.88,296.98,44.3,10.95,1.9,12.508333333333333,81.79166666666667,994.775,10.116666666666667,10.879166666666668,2020,1,22,2,2,378.0
74.45,137.61,35.26,8.71,0.79,12.454166666666666,66.41666666666667,993.5041666666666,17.954166666666666,8.9,2020,1,23,3,2,273.0
79.83,151.81,44.0,10.73,0.99,12.816666666666668,60.0,990.925,17.741666666666667,9.0875,2020,1,24,4,2,155.0
136.72,240.57,56.31,12.36,1.48,11.791666666666666,74.125,991.1083333333332,7.704166666666667,9.979166666666666,2020,1,25,5,2,251.0
201.2,309.09,50.94,12.81,2.09,13.5625,79.5,989.3916666666668,6.983333333333333,12.533333333333331,2020,1,26,6,2,349.0
209.97,330.91,67.09,14.72,2.19,14.016666666666666,76.5,986.8666666666668,8.1875,12.745833333333332,2020,1,27,0,2,365.0
104.45,149.12,42.01,11.12,1.26,14.220833333333331,83.45833333333333,985.3333333333334,13.1875,12.75,2020,1,28,1,2,302.0
77.95,134.17,42.24,9.85,1.24,13.2875,81.91666666666667,991.075,6.5874999999999995,12.366666666666667,2020,1,29,2,2,218.0
91.56,168.43,45.04,10.06,1.08,12.5625,76.5,992.2625,11.170833333333334,10.545833333333333,2020,1,30,3,2,195.0
92.04,170.33,47.35,9.9,1.1,12.125,74.41666666666667,990.1708333333332,9.241666666666667,10.183333333333334,2020,1,31,4,2,203.0
112.13,201.19,44.25,10.02,1.26,12.325,74.04166666666667,992.7083333333334,7.708333333333333,10.591666666666669,2020,2,1,5,2,244.0
120.86,200.9,45.28,10.32,1.2,11.704166666666666,76.16666666666667,994.25,10.108333333333333,9.625,2020,2,2,6,2,254.0
138.5,243.43,53.71,11.4,1.51,12.016666666666666,74.29166666666667,993.0583333333334,8.266666666666667,10.145833333333334,2020,2,3,0,2,297.0
188.42,340.56,64.8,15.26,2.21,13.033333333333331,74.20833333333333,991.3291666666668,8.079166666666667,11.491666666666667,2020,2,4,1,2,336.0
150.08,255.41,53.35,13.31,1.3,12.841666666666669,74.20833333333333,991.6625,10.270833333333334,10.9,2020,2,5,2,2,344.0
118.57,205.43,51.82,12.08,1.18,11.670833333333334,74.70833333333333,991.075,8.200000000000001,9.795833333333333,2020,2,6,3,2,277.0
150.15,253.82,58.46,14.21,1.51,12.7375,70.83333333333333,993.375,6.695833333333333,11.120833333333332,2020,2,7,4,2,307.0
149.67,238.17,47.55,14.39,1.16,12.366666666666667,75.04166666666667,995.2791666666668,8.529166666666667,10.645833333333334,2020,2,8,5,2,315.0
151.43,247.62,50.75,14.64,1.29,12.766666666666666,75.20833333333333,995.725,7.995833333333334,11.204166666666666,2020,2,9,6,2,310.0
174.4,292.44,56.48,14.83,1.61,13.191666666666668,73.04166666666667,993.8416666666668,9.133333333333333,11.4875,2020,2,10,0,2,328.0
176.57,306.12,60.12,14.37,1.89,13.495833333333332,72.45833333333333,993.9208333333332,8.583333333333334,11.841666666666669,2020,2,11,1,2,347.0
172.12,295.05,55.96,16.24,1.29,15.895833333333334,68.375,993.2791666666668,13.245833333333332,13.945833333333333,2020,2,12,2,2,343.0
95.72,179.78,41.59,16.49,0.95,19.241666666666667,57.291666666666664,990.65,18.845833333333335,16.666666666666668,2020,2,13,3,2,279.0
73.84,172.28,34.6,13.53,0.82,18.516666666666666,51.375,987.9166666666666,21.629166666666663,14.908333333333331,2020,2,14,4,2,186.0
83.07,174.78,44.57,17.59,0.91,17.495833333333334,46.75,988.0041666666666,16.412499999999998,14.175,2020,2,15,5,2,174.0
132.63,237.81,57.15,19.61,1.38,17.141666666666666,59.833333333333336,990.9125,10.229166666666666,15.504166666666668,2020,2,16,6,2,254.0
158.69,282.84,61.17,18.85,1.61,17.48333333333333,55.75,992.0583333333334,10.770833333333334,15.379166666666668,2020,2,17,0,2,323.0
125.53,238.91,59.91,23.01,1.39,16.983333333333334,48.041666666666664,989.2958333333332,13.4125,14.029166666666669,2020,2,18,1,2,292.0
138.46,286.39,59.9,20.13,2.0,18.2,54.416666666666664,988.0791666666668,14.866666666666667,15.720833333333331,2020,2,19,2,2,300.0
98.84,223.69,44.05,14.91,0.99,20.029166666666665,61.875,987.6541666666668,20.0875,17.875,2020,2,20,3,2,253.0
53.11,85.49,33.27,10.45,0.83,16.241666666666667,83.45833333333333,991.525,18.241666666666667,14.654166666666669,2020,2,21,4,2,170.0
63.62,123.44,41.23,13.38,1.2,17.829166666666666,79.16666666666667,995.0666666666666,8.804166666666667,17.858333333333334,2020,2,22,5,2,104.0
105.71,182.2,42.24,14.3,1.26,17.520833333333332,82.29166666666667,993.1125,7.233333333333333,17.966666666666665,2020,2,23,6,2,221.0
70.59,145.05,44.2,15.94,1.02,17.625,78.375,989.6875,7.95,17.670833333333334,2020,2,24,0,2,169.0
127.75,224.02,46.76,18.24,1.22,18.016666666666666,74.58333333333333,988.575,9.245833333333334,17.7375,2020,2,25,1,2,244.0
141.81,258.62,50.67,17.61,1.54,18.55,73.625,989.2083333333334,6.645833333333333,18.779166666666665,2020,2,26,2,2,303.0
107.28,203.77,46.15,14.7,1.23,19.116666666666667,76.29166666666667,989.6583333333332,8.091666666666667,19.5,2020,2,27,3,2,270.0
83.48,161.36,33.92,11.55,0.97,20.2625,73.5,988.3125,15.841666666666669,19.704166666666666,2020,2,28,4,2,214.0
60.01,115.82,33.98,12.05,0.83,18.691666666666663,82.125,987.75,14.775,18.420833333333334,2020,2,29,5,2,144.0
42.83,91.88,40.73,12.19,0.97,19.133333333333333,80.125,988.4375,8.5875,19.754166666666663,2020,3,1,6,2,105.0
99.34,203.51,50.23,15.81,1.58,19.666666666666668,78.25,987.9041666666668,6.2375,20.745833333333337,2020,3,2,0,2,192.0
86.26,188.73,46.6,15.48,1.22,19.6,69.91666666666667,986.3541666666666,7.791666666666667,19.6375,2020,3,3,1,2,226.0
82.9,193.79,45.62,16.22,1.1,19.166666666666668,72.375,985.5166666666668,8.641666666666667,19.2,2020,3,4,2,2,200.0
31.43,67.5,32.97,11.32,0.81,18.183333333333337,79.20833333333333,985.2041666666668,13.933333333333335,17.704166666666666,2020,3,5,3,2,112.0
21.32,38.5,33.71,10.42,0.87,16.354166666666668,85.95833333333333,984.4083333333332,18.225,14.966666666666669,2020,3,6,4,2,82.0
40.96,85.45,35.53,11.84,0.82,15.883333333333333,84.5,988.6708333333332,10.6625,15.2875,2020,3,7,5,2,77.0
72.1,140.22,37.14,12.61,1.11,16.466666666666665,78.79166666666667,990.6833333333334,7.241666666666667,16.354166666666668,2020,3,8,6,2,156.0
58.04,133.75,32.29,13.33,0.75,17.004166666666666,67.125,988.0875,14.041666666666666,15.291666666666666,2020,3,9,0,2,138.0
84.35,160.91,30.22,17.21,0.84,17.104166666666668,67.625,986.6958333333332,6.3999999999999995,16.658333333333335,2020,3,10,1,2,186.0
55.19,112.57,29.76,13.82,0.76,18.704166666666666,73.79166666666667,984.5916666666668,14.283333333333331,17.904166666666665,2020,3,11,2,2,128.0
56.92,155.18,36.74,13.68,0.94,19.608333333333334,66.70833333333333,986.7041666666668,13.241666666666667,18.691666666666663,2020,3,12,3,2,125.0
68.72,209.02,40.53,15.42,0.87,18.720833333333335,64.5,988.4375,8.354166666666666,18.220833333333335,2020,3,13,4,2,170.0
39.41,85.26,34.59,11.59,0.76,16.3625,82.08333333333333,990.1291666666666,10.154166666666669,15.908333333333331,2020,3,14,5,2,131.0
60.99,124.24,41.09,13.92,0.9,16.3,77.79166666666667,991.6666666666666,5.529166666666666,16.291666666666668,2020,3,15,6,2,124.0
61.61,144.37,41.52,14.8,0.89,17.9875,74.5,991.2458333333334,9.6,17.804166666666667,2020,3,16,0,2,148.0
69.7,160.15,43.5,15.06,1.0,18.920833333333334,71.20833333333333,991.1875,10.675,18.616666666666667,2020,3,17,1,2,164.0
68.93,162.56,45.86,14.93,1.07,20.441666666666663,67.20833333333333,989.5125,11.008333333333333,20.3375,2020,3,18,2,2,162.0
90.62,195.15,45.67,17.66,1.14,20.775,71.29166666666667,986.5666666666666,7.691666666666666,21.6,2020,3,19,3,2,191.0
90.31,200.79,51.26,19.71,1.24,21.166666666666668,68.75,985.4083333333332,8.1,21.758333333333336,2020,3,20,4,2,209.0
82.39,184.81,46.04,18.55,1.18,21.65,70.20833333333333,985.7458333333334,5.316666666666666,23.016666666666666,2020,3,21,5,2,205.0
78.61,134.46,29.85,16.63,0.92,21.979166666666668,68.20833333333333,987.5,8.049999999999999,22.820833333333336,2020,3,22,6,2,198.0
54.26,100.55,25.96,15.17,0.78,22.495833333333337,61.0,987.3166666666666,5.575,23.320833333333336,2020,3,23,0,2,127.0
55.85,103.62,27.07,15.81,0.81,23.65,63.791666666666664,985.7791666666668,7.425,24.704166666666666,2020,3,24,1,2,124.0
37.87,68.03,21.11,11.49,0.68,23.7875,62.583333333333336,986.5833333333334,10.075,24.425,2020,3,25,2,2,92.0
45.69,75.81,16.58,12.82,0.58,23.4875,61.25,987.4166666666666,12.716666666666669,23.4375,2020,3,26,3,2,93.0
26.89,45.48,15.32,11.04,0.53,21.354166666666668,73.66666666666667,989.1333333333332,10.7125,21.979166666666668,2020,3,27,4,2,76.0
21.23,34.15,17.52,10.28,0.54,21.258333333333333,68.5,989.5,10.454166666666667,21.5875,2020,3,28,5,2,51.0
27.59,55.75,16.6,10.39,0.52,21.9,58.666666666666664,987.6875,14.458333333333334,20.9,2020,3,29,6,2,64.0
35.08,64.66,17.52,12.47,0.58,21.879166666666663,55.0,987.6791666666668,12.104166666666666,20.954166666666666,2020,3,30,0,2,74.0
35.31,67.01,18.03,12.33,0.56,22.71666666666667,56.541666666666664,986.325,11.408333333333331,22.2875,2020,3,31,1,2,81.0
32.88,65.84,19.17,13.0,0.62,23.866666666666664,56.208333333333336,985.525,7.4375,24.441666666666663,2020,4,1,2,2,80.0
28.51,61.06,17.18,10.84,0.6,23.254166666666663,52.916666666666664,985.8916666666668,14.758333333333333,22.083333333333332,2020,4,2,3,2,78.0
31.36,62.69,20.07,11.99,0.61,22.3625,44.416666666666664,987.2791666666668,12.0125,20.6875,2020,4,3,4,2,84.0
40.79,77.64,22.38,12.59,0.68,23.183333333333337,47.958333333333336,987.1875,11.766666666666666,21.958333333333332,2020,4,4,5,2,90.0
51.79,96.88,24.42,16.03,0.81,23.995833333333337,52.875,987.825,8.987499999999999,23.90833333333333,2020,4,5,6,2,103.0
59.91,114.88,24.37,15.59,0.81,26.179166666666664,45.833333333333336,986.5875,10.033333333333331,25.820833333333336,2020,4,6,0,2,134.0
33.12,94.02,19.27,13.46,0.6,24.954166666666666,46.041666666666664,984.7666666666668,13.691666666666668,23.883333333333336,2020,4,7,1,2,100.0
29.7,79.04,18.56,12.85,0.56,24.866666666666664,46.291666666666664,985.325,11.875,24.004166666666663,2020,4,8,2,2,91.0
36.13,76.32,21.37,14.2,0.66,24.383333333333336,46.458333333333336,985.95,10.595833333333331,23.583333333333332,2020,4,9,3,2,89.0
57.67,112.93,27.12,16.32,0.81,25.71666666666667,46.541666666666664,986.7083333333334,8.366666666666665,25.59583333333333,2020,4,10,4,2,111.0
53.03,118.1,23.64,18.38,0.83,27.683333333333337,41.875,987.7791666666668,8.133333333333333,27.77916666666667,2020,4,11,5,2,126.0
38.57,92.7,17.59,15.7,0.67,27.975,42.041666666666664,985.625,11.333333333333334,27.666666666666668,2020,4,12,6,2,102.0
60.6,136.77,23.4,19.86,0.83,29.304166666666664,41.083333333333336,983.5916666666668,10.904166666666669,29.183333333333337,2020,4,13,0,2,119.0
58.22,144.7,25.71,17.38,0.93,30.0875,41.0,983.9583333333334,8.716666666666667,30.595833333333335,2020,4,14,1,2,134.0
58.31,190.98,24.55,14.89,0.93,30.420833333333334,37.541666666666664,983.5625,10.208333333333334,30.245833333333337,2020,4,15,2,2,152.0
69.8,191.17,25.01,19.42,0.94,30.333333333333332,36.041666666666664,982.2791666666668,10.2,29.84166666666667,2020,4,16,3,2,172.0
26.93,89.58,15.83,14.08,0.64,29.625,33.708333333333336,982.1083333333332,12.75,28.470833333333335,2020,4,17,4,2,123.0
29.09,102.53,15.45,12.63,0.68,29.05,38.0,983.3166666666666,13.841666666666669,28.145833333333332,2020,4,18,5,2,102.0
35.49,73.86,19.72,13.17,0.71,27.854166666666668,43.041666666666664,983.3125,9.783333333333331,27.741666666666664,2020,4,19,6,2,95.0
52.86,113.25,24.56,15.06,1.02,26.84583333333333,44.958333333333336,984.1083333333332,7.625,26.866666666666664,2020,4,20,0,2,115.0
37.17,87.27,19.64,15.36,0.82,26.0875,51.458333333333336,984.4291666666668,8.395833333333334,26.6,2020,4,21,1,2,102.0
58.25,130.99,24.79,17.34,0.86,27.53333333333333,41.416666666666664,983.0458333333332,7.791666666666667,27.40833333333333,2020,4,22,2,2,122.0
54.71,127.82,24.83,17.39,0.91,28.920833333333334,37.666666666666664,982.3791666666666,10.1125,28.429166666666664,2020,4,23,3,2,129.0
65.91,138.46,25.62,18.62,0.99,28.916666666666668,41.166666666666664,980.85,6.9624999999999995,29.25,2020,4,24,4,2,143.0
33.09,85.83,18.68,12.76,0.75,28.4625,42.791666666666664,981.525,8.137500000000001,28.8625,2020,4,25,5,2,121.0
40.24,117.1,17.45,16.21,0.77,26.879166666666663,58.208333333333336,984.0,14.5,27.6625,2020,4,26,6,2,119.0
27.18,53.02,14.8,15.59,0.76,25.391666666666666,68.70833333333333,986.8208333333332,16.3875,26.5375,2020,4,27,0,2,98.0
41.75,80.36,17.35,17.6,0.86,26.420833333333334,63.666666666666664,986.7625,8.975,28.475,2020,4,28,1,2,105.0
55.18,114.91,20.11,19.08,0.91,28.629166666666663,54.75,984.25,7.1625000000000005,30.620833333333337,2020,4,29,2,2,123.0
49.96,115.63,17.61,17.42,0.84,29.4375,50.958333333333336,983.95,10.825,30.825,2020,4,30,3,2,128.0
61.04,143.11,18.46,17.52,0.89,30.554166666666664,53.708333333333336,982.1958333333332,10.645833333333334,32.42916666666667,2020,5,1,4,2,140.0
34.67,107.36,14.36,13.0,0.76,29.3375,56.666666666666664,981.5916666666668,18.4375,30.366666666666664,2020,5,2,5,2,127.0
32.56,83.02,15.14,11.94,0.68,27.675,64.45833333333333,982.45,13.666666666666666,29.6125,2020,5,3,6,2,110.0
26.63,60.59,16.95,11.92,0.72,27.1875,66.25,983.8666666666668,6.9624999999999995,30.108333333333334,2020,5,4,0,2,92.0
56.24,115.91,21.36,16.4,0.87,28.7875,49.625,983.0541666666668,7.725,30.045833333333334,2020,5,5,1,2,117.0
58.44,169.61,21.88,15.78,0.89,28.5875,45.375,982.1083333333332,7.545833333333333,29.295833333333334,2020,5,6,2,2,139.0
36.02,88.35,17.97,13.6,0.73,28.625,44.166666666666664,982.8166666666666,10.245833333333334,28.8625,2020,5,7,3,2,140.0
51.09,120.82,21.66,13.82,0.83,30.6625,39.75,981.2166666666668,9.3875,31.0375,2020,5,8,4,2,138.0
54.18,126.9,17.65,13.33,0.85,31.6125,40.791666666666664,981.7875,9.916666666666666,32.38333333333333,2020,5,9,5,2,142.0
44.3,110.39,16.46,12.02,0.74,29.645833333333332,54.291666666666664,982.8291666666668,13.204166666666666,31.2375,2020,5,10,6,2,127.0
43.26,93.49,19.53,12.66,0.76,29.1625,56.75,984.125,11.158333333333331,31.025,2020,5,11,0,2,113.0
43.19,94.4,18.49,13.84,0.75,29.40416666666667,54.666666666666664,983.4333333333334,10.033333333333331,31.425,2020,5,12,1,2,122.0
68.8,159.2,21.34,15.41,0.9,29.725,55.416666666666664,982.2333333333332,7.695833333333333,32.295833333333334,2020,5,13,2,2,132.0
56.17,126.53,25.12,12.92,0.89,30.520833333333332,53.208333333333336,981.6375,7.320833333333333,33.09166666666667,2020,5,14,3,2,154.0
47.44,101.93,23.45,13.71,0.84,31.425,40.541666666666664,980.95,12.216666666666669,31.704166666666666,2020,5,15,4,2,125.0
81.87,151.8,26.17,16.19,0.99,31.516666666666666,32.583333333333336,980.2375,12.395833333333334,30.65416666666667,2020,5,16,5,2,175.0
98.63,187.24,31.96,20.19,1.06,31.775,31.541666666666668,978.85,8.833333333333334,31.258333333333336,2020,5,17,6,2,202.0
101.02,192.68,34.76,22.11,1.12,31.370833333333337,30.458333333333332,977.9833333333332,10.1875,30.354166666666668,2020,5,18,0,2,222.0
106.63,208.65,42.67,20.41,1.31,32.0625,21.958333333333332,977.5083333333332,7.758333333333333,30.370833333333337,2020,5,19,1,2,238.0
67.8,155.41,32.8,18.96,1.03,30.758333333333336,25.583333333333332,977.075,12.708333333333334,28.725,2020,5,20,2,2,196.0
55.92,163.77,31.36,18.99,1.09,32.22083333333333,25.958333333333332,976.1583333333332,13.675,30.308333333333337,2020,5,21,3,2,149.0
94.37,213.47,45.36,26.05,1.31,33.99166666666667,25.958333333333332,976.1583333333332,6.416666666666667,33.69166666666667,2020,5,22,4,2,199.0
74.92,209.49,42.43,17.05,1.16,34.583333333333336,27.625,977.5916666666668,8.775,34.1875,2020,5,23,5,2,202.0
55.37,179.3,27.35,17.11,0.87,35.55416666666667,25.041666666666668,977.8583333333332,12.554166666666667,34.32083333333333,2020,5,24,6,2,174.0
61.46,162.41,30.92,21.3,0.94,35.71666666666667,22.166666666666668,977.6291666666666,12.8375,34.1,2020,5,25,0,2,157.0
55.38,190.11,37.79,16.82,1.1,36.916666666666664,18.833333333333332,975.9583333333334,11.020833333333334,35.145833333333336,2020,5,26,1,2,153.0
43.22,161.76,26.95,14.49,0.83,36.4875,20.75,974.3666666666668,9.870833333333334,35.199999999999996,2020,5,27,2,2,156.0
39.07,229.55,17.1,11.68,0.8,32.96666666666667,41.458333333333336,975.8166666666666,19.558333333333337,33.03333333333333,2020,5,28,3,2,174.0
24.62,66.66,19.02,9.95,0.77,30.083333333333332,57.625,978.6666666666666,20.683333333333337,31.2125,2020,5,29,4,2,129.0
23.09,53.19,18.51,9.95,0.84,28.15,61.291666666666664,981.0208333333334,12.133333333333333,30.066666666666663,2020,5,30,5,2,84.0
21.51,40.43,17.05,9.06,0.84,26.84166666666667,69.16666666666667,982.625,7.566666666666666,30.0,2020,5,31,6,2,80.0
41.05,80.47,22.99,14.02,0.96,27.77916666666667,67.29166666666667,983.1833333333334,6.545833333333333,31.28333333333333,2020,6,1,0,2,100.0
45.9,98.32,24.78,12.71,0.92,29.0,61.541666666666664,981.4125,6.495833333333334,32.24166666666667,2020,6,2,1,2,123.0
50.62,114.01,28.02,15.91,0.9,29.945833333333336,57.75,979.3541666666666,6.1499999999999995,33.18333333333333,2020,6,3,2,2,123.0
68.24,143.79,34.11,17.97,1.09,29.5875,56.833333333333336,978.5708333333332,7.066666666666666,32.38333333333333,2020,6,4,3,2,144.0
42.43,87.05,25.87,12.46,0.87,29.020833333333332,59.75,978.5416666666666,8.233333333333333,31.90833333333333,2020,6,5,4,2,126.0
35.14,80.49,21.25,10.69,0.82,29.504166666666663,58.166666666666664,978.05,7.645833333333333,32.420833333333334,2020,6,6,5,2,102.0
39.99,91.17,22.65,11.89,0.86,30.583333333333332,58.875,977.8583333333332,8.416666666666666,34.083333333333336,2020,6,7,6,2,104.0
46.9,103.27,25.81,15.78,0.94,30.7875,59.833333333333336,977.4875,6.870833333333334,34.708333333333336,2020,6,8,0,2,112.0
64.77,148.67,32.01,15.06,1.01,33.050000000000004,51.458333333333336,977.3916666666668,6.466666666666666,36.766666666666666,2020,6,9,1,2,138.0
58.9,156.29,34.31,14.12,1.03,33.72083333333333,51.916666666666664,976.8208333333332,7.495833333333334,37.65833333333333,2020,6,10,2,2,154.0
54.69,134.36,30.94,12.74,0.91,33.52916666666667,53.416666666666664,975.7125,6.429166666666667,37.9875,2020,6,11,3,2,142.0
64.0,152.7,30.05,12.9,1.06,33.77916666666667,51.708333333333336,974.6916666666666,9.0375,37.5625,2020,6,12,4,2,152.0
52.36,129.33,25.46,10.59,0.95,33.625,54.583333333333336,975.0791666666668,9.041666666666666,37.99583333333333,2020,6,13,5,2,132.0
71.08,150.28,26.01,13.57,1.04,33.65416666666667,55.833333333333336,976.5791666666668,8.612499999999999,38.170833333333334,2020,6,14,6,2,147.0
48.69,120.23,25.95,12.57,0.88,34.324999999999996,47.333333333333336,974.6583333333332,8.691666666666666,37.44583333333333,2020,6,15,0,2,130.0
39.87,107.99,24.58,12.08,0.88,33.82083333333333,48.125,972.4583333333334,9.416666666666666,36.99166666666667,2020,6,16,1,2,126.0
34.35,92.58,16.94,10.84,0.78,33.862500000000004,51.541666666666664,972.0458333333332,11.554166666666667,37.38333333333333,2020,6,17,2,2,110.0
36.84,100.62,18.32,12.19,0.82,34.59583333333333,50.125,972.6208333333334,10.120833333333334,38.329166666666666,2020,6,18,3,2,107.0
57.6,205.56,17.78,11.98,0.86,34.949999999999996,52.958333333333336,974.4458333333332,11.2,39.354166666666664,2020,6,19,4,2,132.0
35.96,108.73,20.37,10.98,0.8,33.704166666666666,53.375,976.0083333333332,12.029166666666669,37.37083333333333,2020,6,20,5,2,158.0
39.7,95.63,23.7,11.71,0.85,33.37083333333333,54.0,975.6666666666666,8.966666666666667,37.44166666666667,2020,6,21,6,2,105.0
39.47,77.48,20.61,11.08,0.91,31.858333333333334,60.875,975.7166666666668,7.175,36.57083333333333,2020,6,22,0,2,104.0
29.02,64.12,16.39,11.09,0.88,31.5125,64.0,977.8625,14.308333333333332,35.46666666666667,2020,6,23,1,2,85.0
30.91,62.61,16.84,11.02,0.89,30.3,72.0,978.7166666666668,11.75,35.0625,2020,6,24,2,2,71.0
38.37,77.76,21.41,11.28,1.02,31.875,66.16666666666667,976.1791666666668,5.5375000000000005,37.604166666666664,2020,6,25,3,2,86.0
50.01,112.08,22.06,11.66,1.01,32.37083333333333,64.5,975.3083333333334,9.995833333333334,37.395833333333336,2020,6,26,4,2,104.0
39.8,155.94,21.46,10.38,0.87,33.708333333333336,56.541666666666664,974.4791666666666,13.554166666666667,37.6,2020,6,27,5,2,112.0
59.52,308.65,21.6,10.7,0.94,35.00416666666667,51.125,973.7583333333332,13.904166666666669,38.59166666666667,2020,6,28,6,2,196.0
44.86,184.12,21.57,11.58,0.88,34.37916666666667,53.666666666666664,975.5875,12.8375,38.24583333333333,2020,6,29,0,2,233.0
39.8,91.98,17.96,10.51,0.84,32.15833333333333,63.333333333333336,976.9791666666666,12.245833333333332,36.733333333333334,2020,6,30,1,2,114.0
54.01,128.66,21.05,11.15,0.97,33.35,59.375,975.8666666666668,8.4125,38.420833333333334,2020,7,1,2,2,101.0
41.19,69.42,25.88,4.18,0.65,22.054166666666664,79.20833333333333,958.4291666666668,13.320833333333333,23.020833333333332,2020,1,1,2,3,82.0
30.8,56.0,27.43,3.83,0.61,22.53333333333333,83.95833333333333,959.3791666666666,11.575,24.4625,2020,1,2,3,3,64.0
33.09,57.88,25.24,5.53,0.57,22.708333333333332,81.70833333333333,957.7833333333332,9.870833333333334,24.7,2020,1,3,4,3,64.0
57.96,106.32,29.78,6.3,0.7,21.8875,79.875,956.6333333333332,5.529166666666666,23.9375,2020,1,4,5,3,87.0
64.52,113.98,34.05,17.49,0.57,20.804166666666667,74.25,957.5333333333332,9.583333333333334,21.375,2020,1,5,6,3,112.0
56.86,101.12,36.85,11.39,0.75,21.254166666666663,69.95833333333333,959.3958333333334,10.791666666666666,21.6,2020,1,6,0,3,125.0
51.1,89.73,30.38,5.24,0.6,22.570833333333336,78.66666666666667,958.3625,11.195833333333333,23.975,2020,1,7,1,3,93.0
40.04,74.46,25.03,6.19,0.45,23.233333333333334,73.66666666666667,956.8583333333332,10.795833333333334,24.445833333333336,2020,1,8,2,3,82.0
46.45,88.34,29.5,6.66,0.52,22.454166666666666,78.20833333333333,956.9208333333332,7.608333333333333,24.275,2020,1,9,3,3,84.0
74.35,129.65,29.58,8.8,0.52,21.858333333333334,75.70833333333333,958.0666666666666,10.958333333333334,22.754166666666663,2020,1,10,4,3,123.0
74.55,141.86,41.69,13.04,0.62,21.2,68.25,959.0208333333334,7.754166666666666,21.745833333333337,2020,1,11,5,3,149.0
67.37,137.74,42.49,14.43,0.57,20.345833333333335,66.41666666666667,957.5041666666666,6.7875000000000005,20.575,2020,1,12,6,3,140.0
65.69,135.4,46.15,11.57,0.61,21.4875,61.208333333333336,955.6916666666666,4.45,22.004166666666663,2020,1,13,0,3,128.0
72.24,139.44,40.97,5.04,0.63,21.733333333333334,64.95833333333333,955.5458333333332,8.904166666666667,22.0,2020,1,14,1,3,134.0
50.23,86.93,25.29,4.35,0.42,21.666666666666668,66.70833333333333,956.2833333333332,11.1875,21.7,2020,1,15,2,3,119.0
35.28,65.41,22.05,5.35,0.38,21.583333333333332,66.04166666666667,956.1958333333332,9.520833333333334,21.808333333333337,2020,1,16,3,3,76.0
31.16,63.66,27.84,5.87,0.44,22.02916666666667,68.875,956.65,9.233333333333333,22.558333333333337,2020,1,17,4,3,66.0
35.01,74.36,29.5,5.17,0.48,23.0,69.70833333333333,956.9458333333332,10.3125,23.920833333333334,2020,1,18,5,3,69.0
34.14,71.2,27.74,4.3,0.43,23.35,68.95833333333333,957.3583333333332,7.233333333333333,24.733333333333334,2020,1,19,6,3,74.0
39.98,83.38,30.46,4.75,0.47,23.108333333333334,69.625,958.1125,8.104166666666666,24.320833333333336,2020,1,20,0,3,77.0
37.27,89.76,32.37,5.1,0.46,22.941666666666663,68.25,959.1916666666666,11.6125,23.6,2020,1,21,1,3,84.0
38.79,85.47,31.8,5.74,0.48,22.2875,67.66666666666667,959.8416666666668,10.2375,22.77916666666667,2020,1,22,2,3,84.0
56.38,115.76,43.87,6.51,0.62,21.6875,70.66666666666667,958.675,8.533333333333333,22.491666666666664,2020,1,23,3,3,106.0
63.09,128.53,49.49,7.58,0.66,22.8,62.333333333333336,958.1458333333334,7.508333333333334,23.395833333333332,2020,1,24,4,3,125.0
67.01,141.41,47.05,9.29,0.7,22.683333333333337,65.41666666666667,957.5291666666668,7.075,23.620833333333337,2020,1,25,5,3,133.0
62.52,138.48,43.0,8.08,0.63,23.71666666666667,61.416666666666664,956.4,5.995833333333334,24.8,2020,1,26,6,3,131.0
57.99,119.51,38.53,7.35,0.56,23.670833333333334,61.666666666666664,955.4,7.516666666666667,24.475,2020,1,27,0,3,128.0
51.37,105.71,29.77,9.14,0.45,24.145833333333332,60.875,955.1541666666668,9.6625,24.7875,2020,1,28,1,3,107.0
58.15,132.5,38.77,12.66,0.56,24.137500000000003,63.916666666666664,956.7125,7.6625,25.3625,2020,1,29,2,3,128.0
68.2,149.58,36.66,12.68,0.57,23.4375,65.5,956.7041666666668,6.429166666666667,24.84583333333333,2020,1,30,3,3,126.0
59.22,131.21,38.18,8.72,0.47,22.770833333333332,64.83333333333333,955.6375,7.933333333333334,23.545833333333334,2020,1,31,4,3,141.0
38.88,83.63,40.69,5.26,0.4,23.745833333333337,64.08333333333333,956.1,10.570833333333333,24.420833333333334,2020,2,1,5,3,99.0
40.2,86.11,29.28,4.62,0.45,23.379166666666663,68.70833333333333,958.4125,12.433333333333332,24.008333333333336,2020,2,2,6,3,77.0
36.94,79.23,30.21,4.14,0.42,23.491666666666664,67.70833333333333,958.4958333333334,9.0875,24.570833333333336,2020,2,3,0,3,76.0
27.77,68.94,31.23,6.01,0.42,23.71666666666667,59.541666666666664,956.8,10.2625,23.9125,2020,2,4,1,3,71.0
32.73,79.91,34.88,4.73,0.44,23.5625,64.66666666666667,956.5666666666666,6.7749999999999995,24.733333333333334,2020,2,5,2,3,70.0
30.56,83.58,41.17,4.98,0.4,24.7625,55.75,955.9375,9.104166666666666,25.0875,2020,2,6,3,3,80.0
32.21,85.67,28.37,4.61,0.39,23.929166666666664,66.66666666666667,956.4583333333334,10.833333333333334,24.858333333333334,2020,2,7,4,3,80.0
38.5,82.42,28.55,4.7,0.45,22.604166666666668,79.95833333333333,957.2291666666666,9.516666666666667,24.458333333333332,2020,2,8,5,3,79.0
41.49,67.47,27.11,5.98,0.49,19.679166666666667,91.125,959.0458333333332,11.65,20.9625,2020,2,9,6,3,82.0
39.28,71.1,29.29,4.23,0.48,21.3125,82.41666666666667,959.0666666666666,11.904166666666669,22.520833333333332,2020,2,10,0,3,68.0
42.7,80.0,29.93,4.72,0.49,22.120833333333337,78.875,959.4541666666668,11.266666666666666,23.416666666666668,2020,2,11,1,3,75.0
56.38,105.86,36.64,5.87,0.6,22.058333333333337,77.54166666666667,960.3291666666668,8.679166666666667,23.52916666666667,2020,2,12,2,3,94.0
61.85,130.5,43.3,9.22,0.6,22.679166666666664,63.208333333333336,959.1791666666668,8.220833333333333,23.2,2020,2,13,3,3,122.0
74.29,149.4,60.15,19.3,0.85,22.816666666666663,52.958333333333336,956.6875,6.875,22.641666666666666,2020,2,14,4,3,146.0
66.96,142.86,57.58,13.19,0.8,23.40416666666667,54.041666666666664,956.2125,6.145833333333333,23.629166666666663,2020,2,15,5,3,154.0
65.61,134.24,43.19,11.81,0.56,23.633333333333336,54.416666666666664,957.7041666666668,7.9625,23.795833333333334,2020,2,16,6,3,140.0
59.75,138.05,44.99,10.93,0.63,23.245833333333337,57.416666666666664,958.5333333333332,7.370833333333334,23.579166666666666,2020,2,17,0,3,126.0
45.93,120.32,47.25,14.12,0.57,22.9125,48.125,957.7541666666666,8.883333333333333,22.1125,2020,2,18,1,3,116.0
49.6,116.05,44.57,8.36,0.58,23.40416666666667,54.791666666666664,957.375,7.820833333333333,23.679166666666664,2020,2,19,2,3,112.0
45.57,94.57,27.45,5.78,0.41,23.45,66.375,957.4583333333334,10.533333333333331,24.27916666666667,2020,2,20,3,3,97.0
35.27,76.37,22.96,6.09,0.35,22.558333333333337,61.416666666666664,959.2291666666666,11.195833333333333,22.495833333333337,2020,2,21,4,3,86.0
28.81,77.15,27.78,5.72,0.37,22.870833333333337,57.916666666666664,959.9416666666666,9.8875,22.7375,2020,2,22,5,3,72.0
25.6,64.14,24.85,5.8,0.39,23.27916666666667,56.083333333333336,958.9208333333332,10.395833333333334,23.05,2020,2,23,6,3,68.0
32.51,77.92,27.31,4.77,0.46,24.65,51.166666666666664,956.0833333333334,10.225,24.379166666666663,2020,2,24,0,3,70.0
42.14,107.78,28.15,8.89,0.46,24.816666666666663,59.666666666666664,954.925,6.6000000000000005,26.054166666666664,2020,2,25,1,3,86.0
55.84,134.28,34.26,12.79,0.51,23.754166666666663,56.666666666666664,956.3958333333334,8.604166666666666,24.133333333333336,2020,2,26,2,3,112.0
38.49,108.25,33.43,10.07,0.41,23.641666666666666,43.625,956.7625,9.670833333333333,22.59166666666667,2020,2,27,3,3,108.0
40.35,103.27,29.75,6.6,0.43,23.504166666666663,59.333333333333336,955.5833333333334,9.083333333333334,24.004166666666663,2020,2,28,4,3,97.0
42.44,94.49,25.56,4.91,0.51,24.054166666666664,65.25,955.2666666666668,9.25,25.120833333333337,2020,2,29,5,3,91.0
43.21,93.93,27.41,4.72,0.58,24.3625,63.583333333333336,955.5458333333332,7.975,25.65416666666667,2020,3,1,6,3,92.0
48.6,98.66,31.95,5.26,0.59,24.71666666666667,61.416666666666664,955.7833333333332,5.15,26.34166666666667,2020,3,2,0,3,95.0
49.59,101.91,27.73,5.34,0.52,25.316666666666663,61.208333333333336,954.9875,6.1875,26.945833333333336,2020,3,3,1,3,97.0
46.51,109.13,29.56,8.82,0.52,26.004166666666663,50.208333333333336,954.0958333333332,9.079166666666667,26.22083333333333,2020,3,4,2,3,106.0
57.23,135.4,37.61,11.83,0.64,25.22083333333333,50.958333333333336,953.2333333333332,6.433333333333334,25.745833333333337,2020,3,5,3,3,113.0
33.87,85.6,23.4,5.21,0.44,25.458333333333332,63.916666666666664,953.8083333333334,11.454166666666666,26.5125,2020,3,6,4,3,100.0
38.58,92.91,25.4,4.76,0.46,25.258333333333336,71.625,955.825,8.608333333333333,27.6,2020,3,7,5,3,85.0
33.94,68.49,22.05,4.69,0.46,25.3375,74.79166666666667,955.9208333333332,8.491666666666667,28.133333333333336,2020,3,8,6,3,77.0
32.84,75.09,22.79,4.82,0.5,25.270833333333332,69.33333333333333,954.7458333333334,8.6875,27.40416666666667,2020,3,9,0,3,70.0
25.67,60.08,21.21,4.35,0.44,26.254166666666663,58.458333333333336,954.425,8.791666666666666,27.704166666666666,2020,3,10,1,3,65.0
29.93,75.82,26.85,5.01,0.48,26.40416666666667,63.541666666666664,954.7625,9.758333333333333,28.2625,2020,3,11,2,3,62.0
31.53,86.96,30.61,5.55,0.58,26.09583333333333,65.625,956.0541666666668,9.3875,28.05,2020,3,12,3,3,78.0
27.51,78.19,25.71,4.96,0.46,26.52916666666667,61.041666666666664,956.2875,10.570833333333333,27.9375,2020,3,13,4,3,79.0
33.45,83.27,28.19,6.01,0.53,26.225,61.125,955.4291666666668,6.9624999999999995,28.05,2020,3,14,5,3,75.0
32.03,81.84,27.55,5.37,0.49,25.666666666666668,59.958333333333336,955.7125,9.725,26.96666666666667,2020,3,15,6,3,82.0
27.86,68.18,28.5,4.57,0.53,25.795833333333334,61.0,956.8,10.204166666666667,27.041666666666668,2020,3,16,0,3,71.0
25.08,69.94,29.65,3.98,0.47,27.166666666666668,50.25,957.5583333333334,10.633333333333333,27.7,2020,3,17,1,3,67.0
26.32,68.45,31.53,5.34,0.51,27.016666666666666,50.5,956.9083333333332,5.866666666666667,28.22083333333333,2020,3,18,2,3,67.0
43.39,97.86,33.52,7.02,0.68,26.429166666666664,57.041666666666664,955.95,6.7375,28.1,2020,3,19,3,3,87.0
33.71,72.83,25.04,5.39,0.52,27.295833333333334,51.083333333333336,955.0958333333332,6.6499999999999995,28.3625,2020,3,20,4,3,79.0
39.85,103.66,24.68,7.04,0.57,25.870833333333337,64.875,954.8125,5.716666666666666,28.35,2020,3,21,5,3,84.0
38.0,85.6,20.45,6.38,0.49,26.204166666666666,62.0,955.2625,6.395833333333333,28.154166666666665,2020,3,22,6,3,102.0
37.97,72.32,14.21,5.41,0.46,26.266666666666666,62.25,955.1958333333332,7.383333333333333,28.237499999999997,2020,3,23,0,3,73.0
28.75,59.24,12.33,6.67,0.4,26.766666666666666,56.5,954.2041666666668,7.720833333333334,28.28333333333333,2020,3,24,1,3,66.0
28.47,59.28,12.7,6.22,0.4,26.866666666666664,56.583333333333336,953.9833333333332,8.408333333333333,28.370833333333337,2020,3,25,2,3,60.0
29.0,60.99,12.23,5.14,0.37,26.804166666666664,51.875,955.1333333333332,8.637500000000001,27.820833333333336,2020,3,26,3,3,59.0
34.09,67.6,12.16,5.3,0.36,27.925,44.833333333333336,956.1708333333332,9.420833333333333,28.275,2020,3,27,4,3,65.0
36.17,67.08,11.67,6.39,0.39,27.958333333333332,44.416666666666664,955.2291666666666,7.029166666666666,28.741666666666664,2020,3,28,5,3,70.0
42.07,75.41,19.37,4.71,0.47,28.420833333333334,46.416666666666664,954.3208333333332,6.3374999999999995,29.625,2020,3,29,6,3,75.0
34.79,65.96,19.35,7.11,0.41,27.916666666666668,48.666666666666664,955.1916666666666,7.266666666666667,29.066666666666663,2020,3,30,0,3,72.0
42.42,72.92,19.9,7.31,0.49,28.2875,51.333333333333336,955.7083333333334,4.7124999999999995,30.320833333333336,2020,3,31,1,3,68.0
47.96,83.65,19.98,6.64,0.65,28.308333333333337,51.291666666666664,955.2333333333332,5.520833333333333,30.058333333333337,2020,4,1,2,3,87.0
48.05,80.7,19.75,6.67,0.55,29.266666666666666,47.25,953.8375,5.158333333333333,30.858333333333334,2020,4,2,3,3,88.0
38.13,69.42,18.95,9.04,0.51,29.016666666666666,44.291666666666664,954.6083333333332,8.408333333333333,29.579166666666666,2020,4,3,4,3,73.0
37.34,72.16,21.26,8.46,0.5,27.979166666666668,46.208333333333336,955.525,7.3875,28.516666666666666,2020,4,4,5,3,67.0
30.18,57.17,16.71,8.36,0.44,28.675,46.708333333333336,955.8208333333332,7.825,29.691666666666663,2020,4,5,6,3,66.0
27.87,64.99,18.52,8.47,0.66,28.629166666666663,57.75,955.8083333333334,5.325,31.525,2020,4,6,0,3,64.0
19.76,39.6,22.67,8.49,0.8,28.579166666666666,54.708333333333336,954.4083333333332,7.5625,30.741666666666664,2020,4,7,1,3,77.0
19.94,43.45,20.46,11.06,0.41,29.1,49.958333333333336,954.6208333333334,7.554166666666667,30.754166666666663,2020,4,8,2,3,56.0
29.36,61.5,25.74,9.14,0.51,27.983333333333334,57.916666666666664,955.0541666666668,7.7625,30.275,2020,4,9,3,3,59.0
18.95,36.93,31.96,6.51,0.52,27.5,57.916666666666664,955.7541666666666,7.395833333333333,29.34583333333333,2020,4,10,4,3,62.0
23.99,43.01,27.24,6.21,0.38,27.77916666666667,49.5,957.0041666666666,8.029166666666667,28.7125,2020,4,11,5,3,55.0
33.4,59.02,21.68,4.25,0.4,28.47083333333333,45.333333333333336,955.8791666666666,7.541666666666667,29.129166666666663,2020,4,12,6,3,61.0
35.21,66.35,18.03,3.48,0.41,28.770833333333332,41.041666666666664,954.3958333333334,8.200000000000001,28.858333333333334,2020,4,13,0,3,68.0
38.07,78.8,19.72,4.27,0.38,29.179166666666664,39.041666666666664,954.6,8.3875,29.083333333333332,2020,4,14,1,3,74.0
33.99,68.75,18.3,4.36,0.41,29.45,39.125,955.4541666666668,6.8625,29.8625,2020,4,15,2,3,74.0
37.13,68.87,18.82,4.19,0.49,29.491666666666664,40.291666666666664,954.1375,7.620833333333334,30.0875,2020,4,16,3,3,70.0
38.44,75.93,21.35,5.07,0.51,29.84583333333333,45.125,953.6875,7.8,31.066666666666663,2020,4,17,4,3,74.0
35.67,63.08,25.01,4.46,0.5,29.245833333333337,53.333333333333336,954.1166666666668,6.8875,31.579166666666666,2020,4,18,5,3,75.0
30.21,61.21,24.42,5.75,0.38,29.225,52.666666666666664,954.3625,7.083333333333333,31.475,2020,4,19,6,3,67.0
26.47,57.08,25.39,6.01,0.38,28.59583333333333,57.0,954.1041666666666,5.883333333333333,31.316666666666663,2020,4,20,0,3,58.0
22.83,42.44,29.99,6.64,0.5,29.941666666666663,48.375,953.725,8.174999999999999,31.491666666666664,2020,4,21,1,3,54.0
25.12,46.3,26.18,4.56,0.39,30.295833333333334,46.166666666666664,953.0291666666668,8.445833333333333,31.72083333333333,2020,4,22,2,3,50.0
27.57,62.7,24.7,4.88,0.45,30.975,51.0,952.6125,7.854166666666667,33.30416666666667,2020,4,23,3,3,53.0
28.99,54.72,22.09,4.43,0.44,30.225,58.375,952.225,9.704166666666667,33.266666666666666,2020,4,24,4,3,63.0
31.76,72.38,24.4,5.65,0.46,31.054166666666664,45.541666666666664,951.9916666666668,9.008333333333333,32.579166666666666,2020,4,25,5,3,62.0
29.9,59.77,20.64,4.27,0.42,29.754166666666663,61.5,953.2958333333332,6.704166666666667,33.458333333333336,2020,4,26,6,3,71.0
23.51,56.45,21.98,3.83,0.44,29.7375,60.375,953.975,9.870833333333334,32.770833333333336,2020,4,27,0,3,56.0
23.36,53.68,19.73,3.72,0.39,29.1875,61.333333333333336,954.3583333333332,10.679166666666667,31.920833333333334,2020,4,28,1,3,56.0
16.03,37.73,22.21,3.67,0.41,28.770833333333332,61.583333333333336,954.0333333333332,5.966666666666666,32.145833333333336,2020,4,29,2,3,51.0
21.12,54.39,24.27,4.03,0.6,29.95,46.208333333333336,954.0125,5.845833333333334,31.604166666666668,2020,4,30,3,3,59.0
22.69,53.46,22.43,4.27,0.64,30.070833333333336,51.0,953.7166666666668,8.920833333333333,32.00416666666667,2020,5,1,4,3,67.0
24.62,51.4,25.22,5.59,0.54,30.05,48.75,952.3375,6.166666666666667,32.07083333333333,2020,5,2,5,3,54.0
33.03,80.72,26.32,5.04,0.49,30.95,44.208333333333336,951.9416666666666,7.75,32.46666666666667,2020,5,3,6,3,70.0
28.18,69.69,22.57,4.59,0.48,31.020833333333332,47.083333333333336,952.7583333333332,8.120833333333334,33.00416666666667,2020,5,4,0,3,77.0
31.36,75.39,24.86,4.17,0.45,30.833333333333332,51.0,952.5166666666668,6.104166666666667,33.574999999999996,2020,5,5,1,3,71.0
25.18,59.71,21.51,4.45,0.52,31.175,49.875,952.3958333333334,8.049999999999999,33.612500000000004,2020,5,6,2,3,73.0
26.84,58.71,21.67,4.3,0.41,30.5875,59.375,953.1916666666666,6.791666666666667,34.3875,2020,5,7,3,3,59.0
27.46,66.53,22.97,4.84,0.45,30.84583333333333,55.166666666666664,953.2958333333332,6.633333333333333,34.166666666666664,2020,5,8,4,3,65.0
29.56,61.16,21.1,5.41,0.37,31.616666666666664,49.375,953.3833333333332,6.645833333333333,34.516666666666666,2020,5,9,5,3,69.0
28.15,47.77,26.08,5.02,0.43,30.15833333333333,54.625,953.475,5.629166666666666,33.30833333333333,2020,5,10,6,3,65.0
38.65,82.55,30.29,7.01,0.53,29.445833333333336,54.541666666666664,953.8708333333334,7.8,31.808333333333337,2020,5,11,0,3,83.0
32.09,62.6,27.82,6.05,0.47,30.270833333333332,50.916666666666664,953.0958333333332,6.458333333333333,32.7125,2020,5,12,1,3,74.0
24.1,54.77,24.07,4.61,0.38,29.9625,52.083333333333336,952.4791666666666,6.958333333333333,32.487500000000004,2020,5,13,2,3,64.0
25.06,53.65,21.85,5.29,0.35,30.7375,50.5,951.8125,7.675,33.17916666666667,2020,5,14,3,3,60.0
24.12,56.89,23.33,5.38,0.34,30.679166666666664,51.958333333333336,951.3041666666668,5.404166666666666,33.729166666666664,2020,5,15,4,3,60.0
27.65,61.38,26.37,6.32,0.46,30.5375,56.208333333333336,950.8958333333334,5.979166666666667,34.09166666666667,2020,5,16,5,3,67.0
32.47,72.72,28.5,5.87,0.49,30.7375,57.333333333333336,949.6791666666668,6.3125,34.28333333333333,2020,5,17,6,3,70.0
31.05,71.9,27.66,7.55,0.43,30.5375,53.5,947.6208333333334,10.116666666666667,32.94166666666667,2020,5,18,0,3,72.0
42.41,122.45,30.17,9.4,0.52,30.954166666666666,43.041666666666664,946.0041666666666,11.670833333333334,31.483333333333334,2020,5,19,1,3,93.0
36.62,134.25,31.45,10.5,0.44,31.47083333333333,34.75,946.3083333333334,13.104166666666666,30.791666666666668,2020,5,20,2,3,106.0
31.59,118.03,33.69,11.4,0.43,31.75,29.833333333333332,948.2541666666666,13.758333333333333,30.504166666666663,2020,5,21,3,3,109.0
39.91,137.19,38.9,8.55,0.68,31.333333333333332,29.416666666666668,949.6416666666668,9.6125,30.583333333333332,2020,5,22,4,3,114.0
44.09,147.59,35.83,8.65,0.62,32.020833333333336,32.375,950.0,10.270833333333334,31.708333333333332,2020,5,23,5,3,122.0
41.03,124.09,26.38,6.61,0.52,32.375,39.25,950.8375,8.104166666666666,33.475,2020,5,24,6,3,116.0
33.07,97.27,22.72,5.94,0.44,32.43333333333333,47.416666666666664,952.0666666666666,7.595833333333334,34.891666666666666,2020,5,25,0,3,102.0
32.51,85.85,23.19,6.32,0.45,32.65416666666667,50.0,951.9041666666668,7.0249999999999995,35.94166666666667,2020,5,26,1,3,89.0
28.66,90.2,24.26,5.46,0.44,33.09166666666667,45.791666666666664,950.8125,6.866666666666667,35.90416666666667,2020,5,27,2,3,87.0
26.7,96.67,26.37,5.65,0.41,33.641666666666666,40.0,949.6541666666668,7.8625,35.487500000000004,2020,5,28,3,3,86.0
21.07,79.56,24.05,6.1,0.34,33.28333333333333,34.541666666666664,949.8583333333332,9.470833333333331,33.97083333333333,2020,5,29,4,3,84.0
18.56,60.6,23.9,5.49,0.33,32.05833333333333,46.25,951.7791666666668,8.158333333333333,34.175000000000004,2020,5,30,5,3,65.0
25.17,60.07,27.75,4.66,0.43,30.183333333333337,57.125,952.7375,6.575,33.574999999999996,2020,5,31,6,3,67.0
30.0,54.63,30.48,5.23,0.42,27.9625,71.54166666666667,953.3875,5.308333333333334,32.43333333333333,2020,6,1,0,3,55.0
16.47,31.29,23.75,4.36,0.33,27.508333333333336,76.54166666666667,952.2666666666668,7.104166666666667,31.9875,2020,6,2,1,3,79.0
11.74,24.32,20.72,5.12,0.34,27.645833333333332,69.04166666666667,950.9583333333334,11.320833333333333,30.4625,2020,6,3,2,3,38.0
13.93,28.72,18.89,5.56,0.3,28.1625,61.166666666666664,950.6,20.116666666666667,29.15,2020,6,4,3,3,33.0
19.57,52.74,22.78,6.89,0.3,29.075,56.958333333333336,951.0416666666666,14.458333333333334,30.758333333333336,2020,6,5,4,3,38.0
23.02,74.58,20.88,10.04,0.29,29.3375,53.666666666666664,950.4708333333332,12.645833333333334,30.96666666666667,2020,6,6,5,3,58.0
19.49,59.86,18.0,9.34,0.3,29.7375,54.125,950.1916666666666,13.708333333333334,31.454166666666666,2020,6,7,6,3,64.0
20.2,68.79,19.5,9.69,0.32,30.454166666666666,48.5,950.05,14.9375,31.4625,2020,6,8,0,3,54.0
17.96,56.02,19.43,9.15,0.31,30.379166666666663,52.791666666666664,949.6875,13.483333333333334,32.170833333333334,2020,6,9,1,3,57.0
20.26,42.43,21.57,5.72,0.28,27.55,73.875,948.625,11.691666666666668,30.970833333333335,2020,6,10,2,3,48.0
19.96,45.14,23.97,6.7,0.27,24.454166666666666,89.54166666666667,946.4583333333334,15.575,27.433333333333337,2020,6,11,3,3,42.0
17.19,35.96,21.01,6.02,0.28,24.108333333333334,90.16666666666669,945.6583333333332,15.3125,27.045833333333334,2020,6,12,4,3,42.0
9.87,23.48,19.35,5.32,0.29,26.316666666666663,76.58333333333333,946.3833333333332,16.2625,28.71666666666667,2020,6,13,5,3,38.0
9.8,22.79,19.97,6.34,0.26,27.391666666666666,72.75,947.8333333333334,16.349999999999998,30.0125,2020,6,14,6,3,32.0
13.53,31.78,19.95,6.19,0.31,27.441666666666663,73.58333333333333,947.6833333333334,18.020833333333332,29.816666666666663,2020,6,15,0,3,33.0
10.31,20.76,17.7,5.28,0.31,25.916666666666668,81.5,947.125,18.479166666666668,28.3875,2020,6,16,1,3,31.0
10.31,20.97,18.86,5.7,0.28,24.59166666666667,88.0,947.7541666666666,18.420833333333334,27.070833333333336,2020,6,17,2,3,29.0
14.04,33.09,18.92,5.94,0.26,25.316666666666663,83.33333333333333,949.4125,17.4375,27.804166666666664,2020,6,18,3,3,30.0
20.19,55.14,20.73,7.96,0.27,26.40416666666667,77.5,950.0041666666666,18.275,28.666666666666668,2020,6,19,4,3,37.0
22.5,63.77,19.96,7.71,0.26,27.433333333333337,71.58333333333333,950.3083333333334,16.708333333333332,29.8625,2020,6,20,5,3,52.0
24.0,72.01,21.8,8.15,0.25,25.225,83.25,949.1166666666668,16.233333333333334,27.8625,2020,6,21,6,3,56.0
22.91,68.3,21.71,7.86,0.26,25.920833333333334,75.83333333333333,947.9625,17.195833333333333,27.929166666666664,2020,6,22,0,3,60.0
22.36,56.6,22.45,6.56,0.32,27.333333333333332,69.625,949.5583333333334,13.845833333333331,30.0125,2020,6,23,1,3,51.0
21.25,45.4,24.72,5.26,0.36,27.4,73.66666666666667,950.1708333333332,7.375,31.5625,2020,6,24,2,3,51.0
22.41,46.29,25.42,5.16,0.35,27.879166666666663,71.25,949.6666666666666,8.179166666666667,31.883333333333336,2020,6,25,3,3,52.0
27.05,54.96,21.78,5.03,0.34,28.070833333333336,68.0,949.3625,6.416666666666667,31.975,2020,6,26,4,3,52.0
23.29,44.2,22.64,5.39,0.36,27.72083333333333,74.75,949.5291666666668,6.195833333333333,32.25,2020,6,27,5,3,58.0
15.8,32.18,22.73,6.36,0.36,26.90833333333333,80.75,949.4375,8.791666666666666,31.383333333333336,2020,6,28,6,3,49.0
20.24,44.74,27.59,6.29,0.38,26.308333333333337,82.79166666666667,948.8833333333332,4.604166666666667,31.3375,2020,6,29,0,3,47.0
19.38,41.95,24.58,5.3,0.39,26.554166666666664,79.91666666666667,948.5,5.133333333333334,31.104166666666668,2020,6,30,1,3,46.0
26.83,66.5,27.18,6.07,0.43,27.0375,77.04166666666667,948.6583333333332,10.116666666666667,30.90833333333333,2020,7,1,2,3,48.0
128.62,247.05,64.93,19.89,2.09,17.933333333333334,78.41666666666667,1017.5416666666666,7.05,18.166666666666668,2020,1,1,2,4,298.0
114.73,220.19,55.96,18.57,1.62,19.458333333333332,77.54166666666667,1018.125,6.770833333333333,20.229166666666668,2020,1,2,3,4,267.0
54.29,100.05,36.5,12.35,0.84,17.858333333333334,86.29166666666667,1016.0416666666666,9.854166666666666,18.258333333333333,2020,1,3,4,4,201.0
47.11,96.07,40.23,11.3,1.29,18.254166666666663,84.54166666666667,1013.6666666666666,4.4375,19.429166666666667,2020,1,4,5,4,91.0
91.78,170.2,41.06,12.03,1.79,17.370833333333334,85.25,1014.2041666666668,7.870833333333334,17.787499999999998,2020,1,5,6,4,182.0
94.41,179.61,47.39,12.34,1.66,16.241666666666667,79.125,1017.2,8.179166666666667,15.758333333333333,2020,1,6,0,4,217.0
101.15,197.16,43.52,14.61,1.24,17.1375,78.45833333333333,1015.0666666666666,6.041666666666667,17.25,2020,1,7,1,4,203.0
107.83,220.72,46.0,12.53,1.2,17.6875,79.95833333333333,1013.9125,6.420833333333333,18.020833333333332,2020,1,8,2,4,264.0
84.88,160.64,48.82,12.02,1.09,18.3875,82.79166666666667,1013.5458333333332,5.920833333333333,19.254166666666663,2020,1,9,3,4,200.0
84.49,158.8,45.77,16.04,0.89,18.1625,75.95833333333333,1014.7666666666668,11.025,17.733333333333334,2020,1,10,4,4,179.0
78.54,149.81,42.08,15.92,0.94,15.875,74.70833333333333,1015.7541666666666,9.804166666666667,14.804166666666667,2020,1,11,5,4,162.0
83.17,156.39,45.72,14.48,0.99,16.0375,77.04166666666667,1013.4416666666666,9.358333333333333,15.258333333333333,2020,1,12,6,4,194.0
89.03,191.22,59.86,15.24,1.27,15.945833333333333,76.16666666666667,1011.6125,8.516666666666667,15.1625,2020,1,13,0,4,184.0
146.7,269.95,79.75,15.48,2.15,17.583333333333332,71.54166666666667,1012.0375,4.591666666666667,17.541666666666668,2020,1,14,1,4,286.0
176.49,325.84,94.33,19.24,2.22,19.15,74.04166666666667,1013.1791666666668,4.8,19.775,2020,1,15,2,4,338.0
145.88,256.22,77.25,13.07,1.79,20.054166666666667,76.16666666666667,1013.2333333333332,5.283333333333333,21.141666666666666,2020,1,16,3,4,347.0
111.02,211.36,67.76,13.02,1.48,20.64166666666667,78.25,1013.6708333333332,4.733333333333333,22.21666666666667,2020,1,17,4,4,277.0
82.65,167.5,64.95,17.28,1.22,20.179166666666667,73.58333333333333,1013.3166666666666,6.0874999999999995,20.8625,2020,1,18,5,4,219.0
83.41,176.12,51.05,14.21,1.01,20.729166666666668,75.83333333333333,1013.025,7.7125,21.641666666666666,2020,1,19,6,4,196.0
62.35,125.7,39.97,12.65,0.8,18.429166666666667,75.16666666666667,1015.2208333333332,8.533333333333333,18.4375,2020,1,20,0,4,148.0
75.02,157.98,54.45,13.18,1.11,17.849999999999998,73.16666666666667,1016.9083333333332,6.966666666666666,17.691666666666666,2020,1,21,1,4,172.0
102.79,200.55,70.22,13.87,1.14,18.654166666666665,75.54166666666667,1016.175,4.054166666666666,19.354166666666668,2020,1,22,2,4,229.0
118.1,211.3,59.79,14.76,1.04,19.391666666666666,79.29166666666667,1014.0625,5.854166666666667,20.425,2020,1,23,3,4,260.0
84.27,164.39,58.79,15.39,0.93,18.641666666666666,64.91666666666667,1014.1375,8.700000000000001,17.833333333333332,2020,1,24,4,4,248.0
62.5,134.22,56.5,13.91,0.7,17.287499999999998,62.166666666666664,1013.5916666666668,6.558333333333334,16.216666666666665,2020,1,25,5,4,157.0
106.39,197.16,67.07,13.82,1.21,17.724999999999998,64.91666666666667,1011.8875,6.8500000000000005,16.920833333333334,2020,1,26,6,4,234.0
107.8,216.85,68.55,12.15,1.23,18.4125,65.20833333333333,1011.5208333333334,6.279166666666666,17.929166666666667,2020,1,27,0,4,254.0
115.41,221.71,62.58,14.29,0.96,19.929166666666667,67.625,1011.7041666666664,5.566666666666666,20.208333333333332,2020,1,28,1,4,278.0
51.86,121.15,36.64,9.23,0.48,20.925,87.66666666666667,1013.0791666666668,5.908333333333334,23.3375,2020,1,29,2,4,175.0
56.91,118.12,36.89,8.57,0.81,20.25,92.0,1011.7208333333332,6.329166666666667,22.633333333333336,2020,1,30,3,4,102.0
73.09,154.08,49.78,11.97,0.88,19.175,73.41666666666667,1012.7541666666666,8.495833333333334,19.283333333333335,2020,1,31,4,4,163.0
61.11,135.39,55.94,13.1,0.81,18.3625,69.66666666666667,1014.3291666666668,7.283333333333334,18.133333333333333,2020,2,1,5,4,159.0
67.01,158.46,59.8,14.75,0.98,18.195833333333333,61.208333333333336,1016.5166666666668,8.570833333333333,17.083333333333332,2020,2,2,6,4,174.0
66.42,139.53,55.57,10.73,0.83,17.229166666666668,63.083333333333336,1016.7416666666668,7.5,16.1,2020,2,3,0,4,156.0
79.24,168.58,69.37,17.62,0.9,18.170833333333334,64.375,1014.6,6.020833333333333,17.666666666666668,2020,2,4,1,4,184.0
101.36,203.72,67.53,27.0,0.95,20.429166666666667,68.20833333333333,1012.7583333333332,4.804166666666666,21.020833333333332,2020,2,5,2,4,222.0
78.36,161.52,56.1,13.53,0.81,20.4625,68.75,1014.0458333333332,6.379166666666666,20.858333333333334,2020,2,6,3,4,192.0
80.67,180.94,57.6,13.6,0.74,19.6125,62.625,1015.575,7.833333333333333,19.095833333333335,2020,2,7,4,4,189.0
110.11,225.37,59.59,19.06,0.91,18.35,66.41666666666667,1016.6833333333334,8.254166666666666,17.712500000000002,2020,2,8,5,4,217.0
89.17,174.34,52.41,13.76,0.77,19.25,67.41666666666667,1016.7166666666668,8.85,18.870833333333337,2020,2,9,6,4,246.0
80.91,169.09,64.6,13.03,0.86,18.116666666666667,59.0,1015.9916666666668,8.845833333333333,16.766666666666666,2020,2,10,0,4,196.0
106.37,210.54,76.36,14.93,1.23,18.158333333333335,58.458333333333336,1016.0583333333334,9.183333333333334,16.770833333333332,2020,2,11,1,4,241.0
101.11,203.59,85.22,14.79,1.44,19.075,58.958333333333336,1015.2125,8.8125,17.966666666666665,2020,2,12,2,4,247.0
99.03,204.3,79.66,13.39,1.11,19.958333333333332,56.958333333333336,1012.4541666666668,7.1125,19.1875,2020,2,13,3,4,240.0
106.87,217.18,80.75,19.36,1.12,21.708333333333332,63.708333333333336,1008.6041666666666,9.033333333333331,21.741666666666664,2020,2,14,4,4,254.0
71.25,157.73,66.46,14.99,0.88,21.6,61.958333333333336,1010.4,9.116666666666667,21.425,2020,2,15,5,4,185.0
100.15,211.64,71.03,15.38,0.97,22.058333333333337,59.333333333333336,1013.1375,6.783333333333334,22.225,2020,2,16,6,4,219.0
101.37,207.97,70.05,13.14,0.96,22.125,65.70833333333333,1013.5083333333332,5.325,23.041666666666668,2020,2,17,0,4,228.0
92.52,190.61,54.74,12.79,0.82,22.0625,70.875,1012.65,6.545833333333333,23.116666666666664,2020,2,18,1,4,226.0
84.06,157.66,42.4,29.47,0.53,23.02916666666667,73.04166666666667,1013.5958333333332,6.566666666666666,24.604166666666668,2020,2,19,2,4,203.0
58.63,115.09,36.14,24.4,0.44,24.275,71.0,1014.1583333333332,8.595833333333333,26.012500000000003,2020,2,20,3,4,157.0
81.15,175.18,57.85,12.45,0.86,23.6875,67.83333333333333,1016.2875,5.375,25.325,2020,2,21,4,4,162.0
107.24,208.66,66.31,15.01,1.0,24.320833333333336,61.625,1016.2708333333334,6.941666666666666,25.358333333333334,2020,2,22,5,4,242.0
94.78,189.57,53.2,11.4,0.78,24.183333333333337,64.125,1014.6333333333332,7.375,25.3875,2020,2,23,6,4,233.0
106.36,205.48,59.18,12.99,0.97,22.575,72.875,1012.2708333333334,5.229166666666667,24.2875,2020,2,24,0,4,209.0
82.03,136.88,53.5,8.34,0.75,19.541666666666668,88.25,1011.9416666666666,6.833333333333333,21.241666666666667,2020,2,25,1,4,237.0
40.94,84.42,40.31,11.03,0.51,20.8125,81.58333333333333,1012.0291666666668,5.425,22.75,2020,2,26,2,4,116.0
45.0,89.71,45.61,11.59,0.67,21.379166666666663,74.625,1012.6708333333332,5.3374999999999995,22.770833333333332,2020,2,27,3,4,91.0
73.23,141.5,47.57,10.72,0.78,21.883333333333336,68.375,1012.1708333333332,6.4875,22.741666666666664,2020,2,28,4,4,142.0
73.68,141.14,57.35,11.26,0.92,22.7,66.875,1010.6791666666668,6.05,23.833333333333332,2020,2,29,5,4,167.0
92.08,173.74,59.52,13.39,1.22,23.8875,67.875,1010.675,6.191666666666666,25.495833333333337,2020,3,1,6,4,196.0
97.45,183.82,54.31,14.25,1.09,24.458333333333332,67.54166666666667,1010.0958333333332,6.370833333333334,26.241666666666664,2020,3,2,0,4,222.0
82.48,149.76,38.23,10.52,0.81,23.879166666666663,76.04166666666667,1009.4708333333332,6.966666666666666,26.420833333333334,2020,3,3,1,4,194.0
50.13,86.22,30.3,11.45,0.6,24.1625,80.95833333333333,1009.575,8.104166666666666,27.1,2020,3,4,2,4,127.0
34.26,71.62,33.77,9.3,0.68,24.5125,78.41666666666667,1009.6,6.333333333333333,27.6125,2020,3,5,3,4,89.0
36.1,72.34,29.89,8.44,0.6,24.429166666666664,71.91666666666667,1010.7833333333332,11.154166666666669,26.066666666666663,2020,3,6,4,4,90.0
32.81,58.09,25.75,8.05,0.67,23.4875,81.66666666666667,1012.1583333333332,7.120833333333334,26.320833333333336,2020,3,7,5,4,69.0
37.96,73.49,30.23,9.51,0.8,24.575,75.125,1010.1875,8.966666666666667,26.941666666666663,2020,3,8,6,4,82.0
57.01,110.73,35.23,11.02,0.72,23.983333333333334,58.875,1009.8666666666668,7.058333333333334,24.77916666666667,2020,3,9,0,4,128.0
65.59,119.8,38.92,12.04,0.87,24.066666666666663,59.583333333333336,1009.925,5.895833333333333,25.129166666666663,2020,3,10,1,4,149.0
56.77,111.27,30.92,13.6,0.67,25.7,63.583333333333336,1009.8875,5.7,27.708333333333332,2020,3,11,2,4,143.0
57.54,114.2,33.63,12.66,0.72,25.995833333333337,72.20833333333333,1011.575,5.0625,29.4125,2020,3,12,3,4,120.0
57.2,110.82,39.86,11.76,0.83,27.516666666666666,69.75,1011.7041666666668,4.4875,31.295833333333334,2020,3,13,4,4,126.0
52.17,110.27,23.32,9.19,0.55,26.758333333333336,59.791666666666664,1011.6458333333334,12.895833333333334,27.8625,2020,3,14,5,4,132.0
23.34,55.65,26.71,11.89,0.54,25.308333333333337,62.791666666666664,1011.3625,8.954166666666667,26.808333333333337,2020,3,15,6,4,92.0
56.05,116.34,38.02,20.02,0.85,26.233333333333334,71.41666666666667,1011.5791666666668,5.866666666666667,29.454166666666666,2020,3,16,0,4,107.0
61.94,118.28,37.15,10.65,0.83,26.833333333333332,65.83333333333333,1012.3916666666668,5.254166666666666,29.633333333333336,2020,3,17,1,4,138.0
77.16,148.45,42.14,13.79,0.93,27.066666666666663,58.583333333333336,1010.9333333333334,7.7625,28.804166666666664,2020,3,18,2,4,156.0
86.38,149.16,45.5,15.41,0.83,26.829166666666666,51.875,1009.7125,5.583333333333333,27.8625,2020,3,19,3,4,207.0
42.09,82.64,31.8,14.56,0.63,26.975,53.083333333333336,1008.9041666666668,9.920833333333333,27.633333333333336,2020,3,20,4,4,139.0
47.22,86.73,26.91,14.65,0.55,26.825,60.25,1009.4333333333334,6.95,28.6625,2020,3,21,5,4,117.0
16.18,30.44,17.81,8.37,0.38,24.4625,76.08333333333333,1010.7541666666666,9.804166666666667,26.84166666666667,2020,3,22,6,4,83.0
29.31,56.35,17.95,10.22,0.53,25.6875,69.41666666666667,1009.9291666666668,5.545833333333333,28.441666666666663,2020,3,23,0,4,99.0
33.21,52.19,13.92,9.68,0.52,26.433333333333337,72.875,1008.3208333333332,6.1375,29.775,2020,3,24,1,4,88.0
53.01,77.59,15.94,12.52,0.57,27.058333333333337,70.125,1007.2166666666668,6.8374999999999995,30.245833333333337,2020,3,25,2,4,96.0
37.02,60.49,14.36,6.8,0.52,29.22083333333333,60.416666666666664,1007.7958333333332,7.254166666666666,31.929166666666664,2020,3,26,3,4,95.0
48.1,83.63,14.86,11.62,0.55,30.041666666666668,55.458333333333336,1008.5375,8.625,32.24583333333333,2020,3,27,4,4,106.0
46.57,77.11,15.71,11.46,0.57,31.1375,53.0,1006.9708333333332,8.695833333333333,33.579166666666666,2020,3,28,5,4,100.0
40.85,68.04,14.53,9.52,0.54,30.3,48.708333333333336,1006.7041666666668,9.3125,31.929166666666664,2020,3,29,6,4,101.0
43.56,71.92,16.55,10.03,0.54,29.725,48.791666666666664,1007.9125,8.204166666666667,31.045833333333334,2020,3,30,0,4,107.0
44.67,76.1,19.05,9.83,0.54,29.875,51.916666666666664,1007.95,8.066666666666666,31.554166666666664,2020,3,31,1,4,110.0
50.19,78.52,12.41,11.65,0.57,30.5875,61.166666666666664,1006.525,9.295833333333333,33.725,2020,4,1,2,4,117.0
42.51,62.04,11.91,7.73,0.56,30.816666666666663,65.33333333333333,1005.4541666666668,13.95,34.03333333333333,2020,4,2,3,4,100.0
43.08,71.67,13.25,7.33,0.62,29.8875,65.125,1006.7791666666668,6.808333333333334,34.13333333333333,2020,4,3,4,4,100.0
60.85,100.15,14.82,9.55,0.55,30.433333333333337,59.583333333333336,1008.4166666666666,7.233333333333333,33.78333333333333,2020,4,4,5,4,129.0
47.78,75.16,11.03,9.11,0.45,30.195833333333336,66.375,1008.4833333333332,7.545833333333333,34.36666666666667,2020,4,5,6,4,112.0
38.78,70.1,14.7,9.56,0.41,31.0375,52.333333333333336,1007.5833333333334,9.075,32.88333333333333,2020,4,6,0,4,96.0
39.33,74.46,11.32,13.28,0.39,30.879166666666663,55.25,1005.875,13.158333333333331,32.637499999999996,2020,4,7,1,4,95.0
23.45,48.43,11.92,10.0,0.34,31.016666666666666,52.541666666666664,1006.5,10.916666666666666,32.833333333333336,2020,4,8,2,4,82.0
20.26,43.54,12.71,12.12,0.33,30.2875,56.458333333333336,1007.0916666666668,9.0875,32.6875,2020,4,9,3,4,100.0
19.11,37.8,9.24,8.23,0.38,29.979166666666668,67.70833333333333,1009.0708333333332,10.816666666666668,33.6875,2020,4,10,4,4,79.0
18.03,39.16,8.65,7.51,0.35,29.47083333333333,71.70833333333333,1009.7041666666668,10.904166666666669,33.65416666666667,2020,4,11,5,4,62.0
23.56,57.98,8.48,6.94,0.34,29.195833333333336,72.0,1008.1375,9.9875,33.4,2020,4,12,6,4,60.0
24.5,48.39,7.64,6.8,0.38,30.120833333333337,74.25,1006.2958333333332,11.191666666666668,35.025,2020,4,13,0,4,65.0
26.65,50.91,6.37,5.31,0.37,29.5,76.20833333333333,1007.5083333333332,9.9875,34.699999999999996,2020,4,14,1,4,56.0
24.33,55.61,8.17,6.88,0.37,28.1625,80.91666666666667,1007.7958333333332,8.8375,33.395833333333336,2020,4,15,2,4,59.0
30.15,62.36,11.56,6.99,0.41,28.141666666666666,77.70833333333333,1006.1375,7.358333333333333,33.15833333333333,2020,4,16,3,4,68.0
21.85,45.57,7.8,7.69,0.34,30.35,71.16666666666667,1004.4875,15.225,34.55833333333333,2020,4,17,4,4,62.0
18.37,39.71,8.91,8.1,0.36,29.479166666666668,80.04166666666667,1005.9291666666668,13.1375,34.75416666666667,2020,4,18,5,4,48.0
13.35,31.37,8.77,8.07,0.32,29.7,75.125,1006.5291666666668,11.75,34.670833333333334,2020,4,19,6,4,67.0
14.57,30.86,7.56,6.68,0.34,29.4125,78.91666666666667,1006.6458333333334,13.516666666666666,34.4,2020,4,20,0,4,45.0
11.81,24.7,12.3,6.26,0.34,27.84583333333333,78.95833333333333,1007.3,11.0625,32.19166666666667,2020,4,21,1,4,56.0
16.18,29.16,10.21,9.8,0.34,25.916666666666668,83.83333333333333,1007.1625,8.716666666666667,30.15,2020,4,22,2,4,56.0
13.48,27.12,9.0,6.14,0.32,26.683333333333337,85.45833333333333,1006.5541666666668,10.7625,31.254166666666663,2020,4,23,3,4,41.0
10.49,23.68,8.56,7.5,0.33,25.058333333333337,91.375,1005.825,8.7875,29.608333333333334,2020,4,24,4,4,44.0
15.3,29.63,8.68,7.45,0.33,26.7625,81.95833333333333,1005.9125,10.4375,30.90416666666667,2020,4,25,5,4,59.0
15.74,27.95,8.54,6.61,0.34,25.34166666666667,90.0,1008.5,6.7875000000000005,30.22083333333333,2020,4,26,6,4,59.0
10.67,36.11,8.2,5.52,0.32,25.45,87.83333333333333,1010.2,6.633333333333333,30.191666666666663,2020,4,27,0,4,44.0
7.71,19.98,9.15,5.21,0.34,25.1,89.375,1009.1208333333334,6.625,29.770833333333332,2020,4,28,1,4,45.0
16.66,31.0,10.52,6.04,0.36,25.8625,86.125,1007.55,5.458333333333333,30.879166666666663,2020,4,29,2,4,51.0
13.88,29.3,9.11,7.42,0.31,26.4,86.54166666666667,1007.9291666666668,5.7875000000000005,31.7375,2020,4,30,3,4,54.0
10.46,25.57,8.2,5.88,0.29,26.225,86.75,1007.35,5.591666666666666,31.491666666666664,2020,5,1,4,4,51.0
16.81,32.46,10.69,5.57,0.39,26.441666666666663,82.125,1005.65,5.075,31.34166666666667,2020,5,2,5,4,49.0
18.04,32.98,9.23,5.76,0.38,26.933333333333337,81.875,1005.4333333333334,5.675,32.079166666666666,2020,5,3,6,4,57.0
22.15,42.76,9.69,5.25,0.38,27.166666666666668,87.08333333333333,1006.8708333333334,5.0,33.0875,2020,5,4,0,4,50.0
17.49,35.85,8.59,5.75,0.34,28.745833333333337,83.08333333333333,1005.8875,10.9125,34.28333333333333,2020,5,5,1,4,50.0
12.66,27.77,10.21,6.73,0.36,27.4,81.875,1006.1291666666666,7.045833333333333,32.550000000000004,2020,5,6,2,4,61.0
16.77,34.69,9.68,5.95,0.32,28.09166666666667,83.91666666666667,1006.2041666666668,7.816666666666666,33.88333333333333,2020,5,7,3,4,59.0
16.16,32.48,8.03,6.29,0.34,28.3875,80.83333333333333,1005.4333333333334,10.675,33.50416666666667,2020,5,8,4,4,64.0
21.76,44.67,8.27,5.5,0.36,29.370833333333337,82.29166666666667,1005.9458333333332,7.458333333333333,35.920833333333334,2020,5,9,5,4,73.0
19.3,42.14,6.6,5.4,0.34,29.516666666666666,83.08333333333333,1006.0125,7.920833333333333,36.2,2020,5,10,6,4,63.0
19.21,41.4,8.78,6.44,0.38,29.104166666666668,80.83333333333333,1007.1208333333334,4.333333333333333,35.729166666666664,2020,5,11,0,4,75.0
29.09,59.6,9.97,10.2,0.38,29.583333333333332,77.95833333333333,1006.2,7.808333333333334,35.5875,2020,5,12,1,4,97.0
24.23,53.11,6.96,8.82,0.29,29.6,78.04166666666667,1005.175,10.858333333333334,35.145833333333336,2020,5,13,2,4,71.0
16.61,41.75,5.56,5.95,0.26,29.883333333333336,77.95833333333333,1004.6333333333332,14.004166666666668,35.225,2020,5,14,3,4,52.0
12.3,31.18,5.35,5.58,0.27,30.112499999999997,77.20833333333333,1002.9791666666666,15.570833333333333,35.19166666666667,2020,5,15,4,4,44.0
11.23,30.52,5.27,5.08,0.27,30.620833333333337,76.5,1002.1333333333332,15.041666666666666,36.0625,2020,5,16,5,4,44.0
10.61,31.76,5.42,5.26,0.28,30.854166666666668,76.04166666666667,1001.9041666666668,11.8125,36.766666666666666,2020,5,17,6,4,50.0
12.93,33.06,5.99,4.03,0.28,30.141666666666666,74.5,1000.4375,10.5125,35.50416666666667,2020,5,18,0,4,38.0
8.32,22.93,5.94,3.71,0.28,28.379166666666663,83.5,999.1125,12.8,33.375,2020,5,19,1,4,32.0
10.3,23.54,6.05,4.79,0.26,25.441666666666663,90.875,986.3791666666666,37.5875,25.9625,2020,5,20,2,4,39.0
7.3,32.25,6.66,4.39,0.36,25.725,81.125,995.6375,21.1875,27.645833333333332,2020,5,21,3,4,37.0
17.4,38.11,6.8,4.44,0.36,28.1625,80.25,1001.5875,11.816666666666668,32.9375,2020,5,22,4,4,47.0
21.78,55.17,5.53,3.9,0.34,29.5125,82.0,1002.75,16.858333333333334,34.55416666666667,2020,5,23,5,4,50.0
18.89,49.54,5.08,5.09,0.35,29.7375,80.79166666666667,1002.45,21.15,34.229166666666664,2020,5,24,6,4,49.0
16.54,51.67,5.14,5.28,0.34,29.845833333333335,81.25,1002.8041666666668,25.866666666666664,33.75833333333333,2020,5,25,0,4,48.0
15.14,47.74,5.53,6.54,0.34,29.458333333333332,80.75,1002.3083333333334,27.02916666666667,32.775,2020,5,26,1,4,46.0
13.81,39.88,6.09,5.8,0.33,29.0875,80.95833333333333,1001.85,24.295833333333334,32.62083333333333,2020,5,27,2,4,43.0
15.07,31.97,10.72,5.29,0.41,28.391666666666666,85.08333333333333,1002.425,17.141666666666666,33.02916666666667,2020,5,28,3,4,47.0
17.5,38.8,8.17,5.79,0.36,27.883333333333336,87.125,1003.6875,7.7875,33.858333333333334,2020,5,29,4,4,55.0
15.02,37.46,6.76,4.99,0.33,28.8125,84.70833333333333,1004.4583333333334,10.916666666666666,34.62916666666667,2020,5,30,5,4,52.0
14.29,32.47,7.76,5.52,0.37,28.808333333333337,84.75,1006.0125,11.1375,34.545833333333334,2020,5,31,6,4,55.0
12.65,32.89,9.78,6.54,0.34,29.304166666666664,83.125,1005.7458333333334,13.925,34.791666666666664,2020,6,1,0,4,45.0
12.76,34.52,10.59,7.45,0.34,29.1,83.79166666666667,1004.2541666666666,13.025,34.762499999999996,2020,6,2,1,4,51.0
14.58,33.88,12.35,8.73,0.35,29.020833333333332,84.5,1003.6166666666668,12.0125,34.954166666666666,2020,6,3,2,4,63.0
16.0,36.33,7.42,7.57,0.33,29.5625,84.33333333333333,1002.8041666666668,13.2875,35.50416666666667,2020,6,4,3,4,52.0
11.25,28.39,7.44,6.83,0.32,29.4875,84.83333333333333,1001.8666666666668,16.191666666666666,35.020833333333336,2020,6,5,4,4,46.0
16.85,41.15,14.22,6.88,0.36,30.025,82.70833333333333,1001.2208333333332,11.516666666666666,36.3125,2020,6,6,5,4,59.0
24.22,48.4,10.9,6.07,0.39,29.495833333333337,86.33333333333333,1000.725,7.254166666666666,36.56666666666667,2020,6,7,6,4,67.0
23.13,43.41,14.77,9.67,0.43,29.483333333333334,85.79166666666667,1000.2791666666668,7.791666666666667,36.44583333333333,2020,6,8,0,4,59.0
19.63,43.1,9.72,16.76,0.35,29.820833333333336,85.29166666666667,1000.3708333333334,5.933333333333334,37.2375,2020,6,9,1,4,54.0
14.39,35.54,9.41,5.5,0.35,29.133333333333336,85.0,1000.0291666666668,8.220833333333333,35.545833333333334,2020,6,10,2,4,40.0
6.99,21.41,9.52,4.65,0.37,27.96666666666667,89.04166666666667,998.7625,11.4625,33.65833333333334,2020,6,11,3,4,32.0
8.7,22.11,11.15,5.05,0.37,27.695833333333336,89.79166666666667,997.6791666666668,12.2625,33.22083333333333,2020,6,12,4,4,38.0
8.96,25.88,9.69,4.69,0.38,28.320833333333336,88.41666666666667,998.1666666666666,13.533333333333331,33.9,2020,6,13,5,4,38.0
9.93,25.89,8.63,4.56,0.36,28.195833333333336,88.41666666666667,999.3708333333334,14.441666666666668,33.53333333333333,2020,6,14,6,4,32.0
11.99,31.75,10.35,4.65,0.37,28.025,89.91666666666667,998.9375,11.466666666666669,33.925000000000004,2020,6,15,0,4,34.0
9.9,27.05,10.69,5.44,0.36,27.729166666666668,90.33333333333331,997.45,10.070833333333333,33.641666666666666,2020,6,16,1,4,47.0
14.57,41.37,12.68,5.29,0.39,27.516666666666666,91.70833333333331,996.875,13.908333333333331,32.92916666666667,2020,6,17,2,4,50.0
15.18,39.77,11.92,5.71,0.37,28.958333333333332,85.0,997.8791666666666,14.670833333333334,34.43333333333333,2020,6,18,3,4,47.0
18.5,46.04,11.68,5.75,0.39,28.84583333333333,87.91666666666667,999.175,10.0875,35.208333333333336,2020,6,19,4,4,50.0
11.11,34.98,8.06,5.45,0.34,28.254166666666663,89.33333333333333,999.0583333333334,11.991666666666667,34.1625,2020,6,20,5,4,45.0
9.3,27.62,7.36,5.75,0.35,27.920833333333334,89.45833333333333,997.3083333333334,12.929166666666667,33.50833333333333,2020,6,21,6,4,37.0
13.7,36.69,9.13,5.45,0.36,28.441666666666663,86.33333333333333,998.3416666666668,15.8,33.541666666666664,2020,6,22,0,4,42.0
15.9,43.17,9.47,4.63,0.37,29.15416666666667,85.0,1002.1458333333334,14.258333333333333,34.729166666666664,2020,6,23,1,4,45.0
16.98,50.87,9.37,5.9,0.35,29.770833333333332,81.375,1003.2916666666666,15.8375,35.112500000000004,2020,6,24,2,4,52.0
15.53,43.63,6.83,7.69,0.32,29.96666666666667,78.875,1002.3458333333332,18.4375,34.762499999999996,2020,6,25,3,4,52.0
9.59,28.44,7.91,8.2,0.34,29.975,79.58333333333333,1001.075,18.845833333333335,34.725,2020,6,26,4,4,42.0
7.89,24.73,9.25,5.73,0.35,28.870833333333337,86.375,1000.7166666666668,16.275000000000002,34.175,2020,6,27,5,4,37.0
10.58,25.56,12.63,5.92,0.38,28.983333333333334,86.75,1000.7,12.370833333333332,34.92916666666667,2020,6,28,6,4,43.0
14.53,32.4,15.98,7.01,0.45,27.8375,90.79166666666669,1001.3208333333332,9.5125,33.949999999999996,2020,6,29,0,4,48.0
14.0,35.85,12.29,5.66,0.37,28.5875,86.875,1001.3375,10.725,34.550000000000004,2020,6,30,1,4,47.0
10.53,31.58,10.01,4.32,0.3,29.879166666666663,81.375,1000.0875,14.033333333333331,35.65,2020,7,1,2,4,45.0
104.06,183.88,46.39,10.98,1.22,20.883333333333333,75.45833333333333,1013.0375,8.104166666666666,21.929166666666664,2020,1,1,2,5,194.0
107.87,171.73,41.14,8.03,1.02,21.883333333333336,76.54166666666667,1015.0625,8.9125,23.2625,2020,1,2,3,5,260.0
93.64,157.8,40.42,7.94,0.97,21.84166666666667,74.625,1014.475,12.595833333333331,22.504166666666663,2020,1,3,4,5,221.0
94.05,158.44,39.68,6.66,0.96,21.5875,67.04166666666667,1012.7875,14.2625,21.316666666666663,2020,1,4,5,5,225.0
91.04,162.68,39.93,7.9,1.1,23.1,65.5,1011.9791666666666,11.408333333333331,23.579166666666666,2020,1,5,6,5,229.0
70.2,142.64,38.91,8.68,1.01,24.620833333333337,63.166666666666664,1012.6708333333332,12.55,25.383333333333336,2020,1,6,0,5,157.0
87.2,165.84,42.33,9.46,1.29,23.9125,76.29166666666667,1012.2125,9.266666666666667,26.2,2020,1,7,1,5,177.0
64.97,120.55,29.07,7.73,0.89,23.7875,75.54166666666667,1012.4,10.795833333333334,25.691666666666663,2020,1,8,2,5,166.0
59.98,126.87,38.98,8.96,0.85,22.65,58.791666666666664,1012.75,14.333333333333334,22.008333333333336,2020,1,9,3,5,122.0
65.06,143.74,43.01,10.04,0.93,23.695833333333336,60.916666666666664,1011.7625,11.525,24.016666666666666,2020,1,10,4,5,127.0
76.71,162.07,43.56,10.12,1.08,25.333333333333332,65.58333333333333,1012.4125,10.354166666666666,26.929166666666664,2020,1,11,5,5,151.0
98.12,194.66,38.02,10.84,1.47,24.78333333333333,73.04166666666667,1012.5125,8.133333333333335,27.233333333333334,2020,1,12,6,5,211.0
68.39,120.46,29.65,6.73,0.84,23.9375,84.45833333333333,1011.4541666666668,8.058333333333334,27.2375,2020,1,13,0,5,178.0
36.33,97.67,26.54,6.28,0.7,23.141666666666666,78.58333333333333,1011.5,12.445833333333333,24.825,2020,1,14,1,5,100.0
30.53,91.62,30.43,6.32,0.65,21.916666666666668,62.708333333333336,1012.1291666666666,14.125,21.379166666666663,2020,1,15,2,5,97.0
34.16,84.73,31.54,5.95,0.66,20.2625,64.125,1013.6125,12.733333333333334,19.458333333333332,2020,1,16,3,5,90.0
51.0,115.87,41.19,6.3,0.68,19.445833333333333,55.791666666666664,1013.9458333333332,14.7875,17.541666666666668,2020,1,17,4,5,93.0
87.28,167.77,55.99,7.63,0.98,21.258333333333333,62.125,1012.4,11.920833333333334,20.783333333333335,2020,1,18,5,5,160.0
96.1,195.03,48.29,8.28,1.12,23.016666666666666,63.625,1012.3125,10.745833333333332,23.53333333333333,2020,1,19,6,5,213.0
89.26,181.54,47.23,10.52,1.3,23.541666666666668,70.625,1012.2541666666666,9.095833333333331,25.0625,2020,1,20,0,5,205.0
96.99,207.73,44.95,10.32,1.58,23.4625,73.0,1013.275,9.108333333333333,25.1875,2020,1,21,1,5,227.0
78.69,173.23,42.07,11.8,1.49,24.270833333333332,65.125,1013.975,10.045833333333333,25.4375,2020,1,22,2,5,192.0
87.78,189.99,44.52,11.77,1.24,25.583333333333332,61.833333333333336,1012.9833333333332,13.491666666666667,26.516666666666666,2020,1,23,3,5,196.0
73.57,163.95,40.8,11.7,1.17,25.333333333333332,65.54166666666667,1012.5583333333334,10.929166666666667,26.879166666666663,2020,1,24,4,5,172.0
91.57,192.11,43.88,14.01,1.32,25.079166666666666,63.75,1012.4916666666668,11.225,26.320833333333336,2020,1,25,5,5,182.0
103.35,210.51,43.92,13.46,1.4,24.454166666666666,71.16666666666667,1010.9916666666668,8.9375,26.495833333333337,2020,1,26,6,5,253.0
57.22,120.42,29.0,10.5,0.76,23.729166666666668,76.75,1010.9333333333334,8.6625,26.0625,2020,1,27,0,5,183.0
25.47,81.69,21.6,8.01,0.64,22.8125,78.875,1012.0666666666666,9.666666666666666,24.804166666666664,2020,1,28,1,5,94.0
19.77,97.0,22.88,4.22,0.56,21.854166666666668,62.875,1014.7958333333332,13.35,21.491666666666664,2020,1,29,2,5,85.0
52.66,141.65,38.17,8.11,0.84,21.0375,59.583333333333336,1013.8458333333332,11.204166666666666,20.395833333333332,2020,1,30,3,5,123.0
65.97,158.62,43.82,8.65,1.03,21.083333333333332,62.125,1011.6791666666668,11.025,20.7625,2020,1,31,4,5,145.0
72.14,168.79,46.68,7.48,1.12,22.308333333333337,60.5,1011.3333333333334,12.045833333333334,22.141666666666666,2020,2,1,5,5,154.0
80.79,186.22,38.05,8.75,1.31,22.96666666666667,72.875,1012.7708333333334,7.6875,24.704166666666666,2020,2,2,6,5,183.0
83.47,165.19,35.54,6.21,1.28,22.65,81.5,1013.6375,6.7375,25.27916666666667,2020,2,3,0,5,192.0
77.73,151.8,40.07,7.25,0.77,23.179166666666664,70.04166666666667,1012.5208333333334,11.116666666666667,24.204166666666666,2020,2,4,1,5,178.0
60.91,153.38,47.47,9.38,0.96,23.0375,51.625,1012.175,11.504166666666668,22.325,2020,2,5,2,5,151.0
47.67,127.57,36.64,7.87,0.87,22.59583333333333,60.5,1012.2833333333332,11.145833333333334,22.5875,2020,2,6,3,5,138.0
49.35,136.21,39.96,9.22,0.9,21.554166666666664,59.041666666666664,1013.3416666666668,12.520833333333334,20.845833333333335,2020,2,7,4,5,129.0
68.47,151.73,39.85,7.72,1.0,22.65416666666667,63.375,1013.15,14.1,22.429166666666664,2020,2,8,5,5,133.0
68.29,144.61,31.18,9.26,1.03,24.7,52.166666666666664,1013.1,15.720833333333331,23.975,2020,2,9,6,5,142.0
56.58,129.32,36.19,8.38,0.93,25.75,56.375,1011.9875,14.270833333333334,26.104166666666668,2020,2,10,0,5,134.0
60.95,143.87,38.82,8.71,1.05,26.770833333333332,59.0,1012.1291666666666,12.225,27.9625,2020,2,11,1,5,130.0
60.53,145.25,48.17,8.9,1.1,27.90416666666667,55.75,1013.6333333333332,11.729166666666666,29.229166666666668,2020,2,12,2,5,136.0
67.91,152.14,52.26,8.5,1.11,27.854166666666668,53.666666666666664,1013.8208333333332,12.058333333333335,28.804166666666664,2020,2,13,3,5,144.0
58.14,149.22,48.61,9.01,0.87,27.666666666666668,42.75,1012.1583333333332,15.595833333333331,26.820833333333336,2020,2,14,4,5,141.0
53.27,151.37,45.62,9.59,0.88,25.5625,46.5,1011.6291666666666,12.8375,24.891666666666666,2020,2,15,5,5,141.0
68.93,165.51,47.33,10.41,0.95,25.083333333333332,60.708333333333336,1012.0541666666668,11.179166666666667,26.016666666666666,2020,2,16,6,5,147.0
102.48,212.49,54.75,9.46,1.3,26.233333333333334,61.166666666666664,1012.4708333333332,9.016666666666667,27.945833333333336,2020,2,17,0,5,234.0
88.15,201.4,61.16,12.09,1.25,27.15,56.958333333333336,1011.9541666666668,9.4375,28.7,2020,2,18,1,5,217.0
92.5,212.28,59.13,14.81,1.32,26.079166666666666,68.70833333333333,1011.4458333333332,8.9375,28.541666666666668,2020,2,19,2,5,224.0
62.8,146.64,46.33,10.38,1.0,25.141666666666666,74.20833333333333,1010.975,10.891666666666666,27.495833333333337,2020,2,20,3,5,175.0
39.37,100.68,35.82,9.11,0.75,24.991666666666664,70.08333333333333,1013.075,10.904166666666669,26.8,2020,2,21,4,5,110.0
65.93,157.96,53.25,12.37,0.97,25.7,57.541666666666664,1013.925,11.554166666666667,26.4375,2020,2,22,5,5,121.0
77.63,194.83,57.94,13.28,1.19,26.46666666666667,50.541666666666664,1012.575,12.741666666666667,26.545833333333334,2020,2,23,6,5,185.0
84.7,185.63,56.76,12.73,1.22,25.55,54.166666666666664,1010.6416666666668,12.8625,25.7625,2020,2,24,0,5,176.0
48.01,152.41,49.44,11.32,0.95,27.175,37.708333333333336,1009.7458333333334,16.583333333333332,25.35,2020,2,25,1,5,170.0
41.03,131.59,50.32,14.57,0.75,27.120833333333337,36.541666666666664,1010.3208333333332,13.979166666666666,25.65833333333333,2020,2,26,2,5,130.0
51.74,144.95,57.91,15.46,0.92,26.325,47.291666666666664,1010.3916666666668,10.85,26.09583333333333,2020,2,27,3,5,136.0
77.61,185.24,71.94,16.66,1.37,25.5625,53.75,1009.0666666666666,10.179166666666667,26.0,2020,2,28,4,5,173.0
74.98,183.77,58.47,16.08,1.24,25.454166666666666,61.25,1008.9333333333334,10.816666666666668,26.620833333333337,2020,2,29,5,5,193.0
43.39,121.29,32.11,13.19,0.65,24.954166666666666,69.54166666666667,1010.0625,12.820833333333333,26.541666666666668,2020,3,1,6,5,125.0
52.18,142.49,28.46,16.93,0.77,24.391666666666666,78.125,1011.0416666666666,8.658333333333333,27.27916666666667,2020,3,2,0,5,123.0
43.68,137.1,26.55,17.25,0.46,24.391666666666666,79.58333333333333,1011.5166666666668,8.5125,27.429166666666664,2020,3,3,1,5,127.0
36.73,122.49,27.93,15.98,0.52,24.47083333333333,75.625,1011.2041666666668,9.4125,27.025,2020,3,4,2,5,118.0
32.59,108.48,26.95,17.87,0.53,24.3875,75.25,1009.9666666666668,9.933333333333334,26.866666666666664,2020,3,5,3,5,108.0
20.15,105.77,19.07,17.17,0.43,24.883333333333336,68.45833333333333,1010.0291666666668,10.416666666666666,26.629166666666663,2020,3,6,4,5,102.0
24.45,131.04,23.93,9.15,0.48,23.995833333333337,65.41666666666667,1011.9458333333332,10.941666666666668,25.1,2020,3,7,5,5,107.0
27.0,125.15,31.81,9.73,0.57,23.258333333333336,67.29166666666667,1011.7125,10.05,24.3625,2020,3,8,6,5,122.0
35.03,134.18,31.06,9.61,0.67,23.6875,74.20833333333333,1010.5875,10.05,25.6375,2020,3,9,0,5,121.0
40.47,125.98,20.36,12.7,0.77,24.491666666666664,75.375,1010.475,8.429166666666667,27.141666666666666,2020,3,10,1,5,128.0
16.04,74.65,19.18,11.07,0.43,24.6125,65.33333333333333,1011.2875,10.9125,25.975,2020,3,11,2,5,88.0
18.59,80.55,24.74,10.72,0.49,23.570833333333336,70.54166666666667,1012.9916666666668,11.933333333333332,24.854166666666668,2020,3,12,3,5,80.0
23.81,108.48,30.64,7.84,0.5,23.15416666666667,61.708333333333336,1013.2916666666666,15.3125,22.825,2020,3,13,4,5,84.0
30.33,126.36,34.81,7.96,0.58,24.695833333333336,49.666666666666664,1011.2625,16.045833333333334,23.570833333333336,2020,3,14,5,5,117.0
49.84,175.84,41.75,12.24,1.01,26.179166666666664,39.791666666666664,1009.3708333333334,10.741666666666667,25.35,2020,3,15,6,5,143.0
57.99,190.49,53.12,14.86,1.24,27.270833333333332,45.125,1009.9375,10.754166666666668,27.333333333333332,2020,3,16,0,5,154.0
78.54,204.96,52.95,15.1,1.66,27.266666666666666,53.833333333333336,1010.9291666666668,10.691666666666668,28.3375,2020,3,17,1,5,191.0
52.03,150.71,42.38,11.79,1.02,27.4875,56.791666666666664,1011.2458333333334,11.191666666666668,28.991666666666664,2020,3,18,2,5,167.0
30.33,99.38,26.7,7.97,0.6,26.016666666666666,66.875,1011.125,10.5875,28.016666666666666,2020,3,19,3,5,113.0
21.08,84.44,14.85,6.6,0.5,25.391666666666666,76.45833333333333,1011.2958333333332,8.520833333333334,28.645833333333332,2020,3,20,4,5,91.0
20.14,67.91,16.51,11.0,0.47,25.03333333333333,78.41666666666667,1011.2083333333334,10.316666666666666,28.079166666666666,2020,3,21,5,5,82.0
16.75,53.27,9.46,12.08,0.36,25.9,78.125,1010.725,12.883333333333333,28.95,2020,3,22,6,5,67.0
23.48,64.7,11.07,12.02,0.42,27.454166666666666,71.54166666666667,1009.425,12.233333333333334,30.583333333333332,2020,3,23,0,5,66.0
35.58,92.81,12.34,8.75,0.52,28.28333333333333,64.625,1007.6083333333332,10.904166666666669,31.166666666666668,2020,3,24,1,5,86.0
30.86,77.24,11.34,8.32,0.5,28.1875,75.625,1007.6625,7.829166666666667,32.97083333333333,2020,3,25,2,5,91.0
27.82,65.48,11.3,10.16,0.43,28.016666666666666,80.45833333333333,1008.7708333333334,8.545833333333333,33.19583333333333,2020,3,26,3,5,71.0
24.81,69.65,8.64,7.19,0.4,28.604166666666668,64.75,1010.6541666666668,14.016666666666666,31.204166666666666,2020,3,27,4,5,70.0
28.14,67.46,11.9,7.55,0.48,28.820833333333336,54.916666666666664,1010.2875,17.295833333333334,29.8,2020,3,28,5,5,78.0
23.43,66.1,9.89,7.27,0.42,28.620833333333337,55.625,1008.675,15.491666666666667,29.7625,2020,3,29,6,5,78.0
23.57,63.65,9.66,6.86,0.43,28.191666666666663,62.541666666666664,1009.15,11.658333333333331,30.745833333333337,2020,3,30,0,5,77.0
25.36,63.61,9.0,7.26,0.46,27.59583333333333,66.70833333333333,1010.2458333333334,12.320833333333333,30.179166666666664,2020,3,31,1,5,69.0
20.08,58.94,7.77,6.55,0.4,27.3875,69.45833333333333,1009.8333333333334,13.65,30.041666666666668,2020,4,1,2,5,63.0
26.27,77.19,8.62,6.84,0.43,28.295833333333334,64.58333333333333,1008.0458333333332,13.533333333333331,30.65833333333333,2020,4,2,3,5,78.0
24.33,83.88,7.58,6.49,0.39,28.008333333333336,70.875,1008.5375,11.795833333333334,31.4625,2020,4,3,4,5,85.0
24.7,78.44,7.94,6.47,0.42,27.6125,72.29166666666667,1009.0833333333334,11.2,31.104166666666668,2020,4,4,5,5,83.0
27.36,73.53,8.48,6.67,0.44,27.35,76.75,1010.0083333333332,8.716666666666667,31.633333333333336,2020,4,5,6,5,78.0
20.82,54.45,6.55,7.06,0.36,27.245833333333337,80.33333333333333,1010.9041666666668,10.4875,31.791666666666668,2020,4,6,0,5,67.0
24.1,79.61,6.24,7.06,0.36,26.808333333333337,79.66666666666667,1010.0541666666668,8.466666666666667,31.2625,2020,4,7,1,5,62.0
29.52,98.54,6.72,6.95,0.37,27.22083333333333,76.125,1011.0375,10.045833333333333,31.28333333333333,2020,4,8,2,5,93.0
28.3,93.39,6.81,8.89,0.38,26.820833333333336,76.625,1010.3875,11.079166666666666,30.52916666666667,2020,4,9,3,5,95.0
25.89,83.39,6.96,8.49,0.37,27.53333333333333,76.16666666666667,1009.8666666666668,10.9,31.554166666666664,2020,4,10,4,5,87.0
29.54,82.21,7.98,7.97,0.44,28.8875,70.79166666666667,1010.6208333333334,9.929166666666664,33.07083333333333,2020,4,11,5,5,81.0
28.26,81.99,9.13,7.79,0.45,28.991666666666664,75.33333333333333,1009.8583333333332,9.175,34.00416666666667,2020,4,12,6,5,86.0
25.58,75.31,9.18,7.39,0.44,28.741666666666664,80.16666666666667,1008.5958333333332,9.8625,34.175000000000004,2020,4,13,0,5,79.0
26.89,81.61,10.47,7.61,0.53,29.5125,74.75,1008.3333333333334,10.054166666666664,34.5375,2020,4,14,1,5,87.0
26.61,66.58,9.77,7.78,0.72,29.7375,75.0,1009.1666666666666,10.091666666666669,34.858333333333334,2020,4,15,2,5,85.0
20.55,55.03,9.16,6.73,0.59,29.079166666666666,80.91666666666667,1008.7541666666666,11.720833333333331,34.65833333333333,2020,4,16,3,5,75.0
20.54,53.53,7.89,6.36,0.64,29.0375,77.625,1008.2958333333332,9.854166666666666,34.43333333333333,2020,4,17,4,5,73.0
18.48,52.34,8.08,6.34,0.63,29.34166666666667,76.70833333333333,1008.6291666666666,8.420833333333333,34.9375,2020,4,18,5,5,70.0
19.99,63.75,9.07,6.79,0.65,30.116666666666664,70.83333333333333,1008.1583333333332,11.404166666666669,34.9,2020,4,19,6,5,74.0
25.7,81.0,10.38,7.88,0.7,31.004166666666663,58.291666666666664,1007.475,13.141666666666666,33.833333333333336,2020,4,20,0,5,82.0
18.64,54.81,6.97,7.59,0.57,28.75,73.5,1008.6416666666668,9.7375,33.34583333333333,2020,4,21,1,5,76.0
18.03,52.92,6.11,8.4,0.41,28.8125,79.95833333333333,1008.0083333333332,9.158333333333331,34.46666666666667,2020,4,22,2,5,61.0
19.8,54.84,6.99,10.28,0.4,29.454166666666666,75.45833333333333,1008.25,10.529166666666669,34.645833333333336,2020,4,23,3,5,67.0
20.82,47.88,6.09,11.57,0.38,29.008333333333336,78.75,1007.4458333333332,9.975,34.42916666666667,2020,4,24,4,5,58.0
16.78,44.63,6.5,12.46,0.32,29.129166666666663,74.25,1008.45,9.491666666666667,34.15,2020,4,25,5,5,57.0
19.05,51.09,8.25,14.12,0.36,28.370833333333337,78.375,1008.7208333333332,11.295833333333334,33.21666666666667,2020,4,26,6,5,63.0
17.23,45.04,5.72,14.37,0.34,28.733333333333334,75.0,1009.9375,9.545833333333333,33.5625,2020,4,27,0,5,60.0
19.82,50.93,7.66,13.98,0.35,29.304166666666664,75.16666666666667,1008.2791666666668,13.154166666666669,33.90833333333333,2020,4,28,1,5,60.0
21.01,57.68,6.68,14.49,0.36,29.75,76.79166666666667,1008.0291666666668,9.516666666666667,35.50833333333333,2020,4,29,2,5,77.0
20.8,53.42,6.96,15.2,0.33,29.85,76.66666666666667,1009.3708333333334,11.3125,35.387499999999996,2020,4,30,3,5,68.0
15.53,43.76,5.54,14.47,0.31,29.75,76.33333333333333,1009.5125,11.633333333333333,35.079166666666666,2020,5,1,4,5,61.0
13.15,39.87,5.44,12.43,0.28,29.745833333333337,77.91666666666667,1008.075,11.525,35.3375,2020,5,2,5,5,53.0
12.02,34.64,5.28,12.04,0.27,29.691666666666663,77.41666666666667,1007.7666666666668,11.795833333333334,35.15416666666667,2020,5,3,6,5,53.0
11.51,33.77,5.21,11.52,0.28,29.183333333333337,80.20833333333333,1008.6791666666668,10.95,34.833333333333336,2020,5,4,0,5,47.0
11.2,42.66,6.59,10.62,0.29,29.558333333333337,79.45833333333333,1007.9166666666666,11.008333333333333,35.32083333333333,2020,5,5,1,5,51.0
12.09,55.6,6.71,12.95,0.3,29.854166666666668,79.70833333333333,1006.7916666666666,10.141666666666667,35.94583333333333,2020,5,6,2,5,61.0
14.3,52.48,6.24,20.98,0.35,28.929166666666664,80.95833333333333,1007.5791666666668,9.8,34.699999999999996,2020,5,7,3,5,65.0
15.26,60.85,5.62,29.68,0.38,29.325,76.95833333333333,1007.825,8.720833333333333,34.9625,2020,5,8,4,5,69.0
14.21,54.67,5.12,32.49,0.3,29.483333333333334,75.70833333333333,1008.0,9.5875,34.9125,2020,5,9,5,5,67.0
13.08,49.13,3.32,32.18,0.3,29.5375,78.04166666666667,1007.4833333333332,10.458333333333334,35.11666666666667,2020,5,10,6,5,70.0
16.85,57.84,6.4,28.8,0.36,29.766666666666666,75.91666666666667,1007.8583333333332,10.1625,35.208333333333336,2020,5,11,0,5,75.0
13.72,51.68,5.73,37.37,0.34,29.108333333333334,77.04166666666667,1007.325,10.054166666666667,34.35,2020,5,12,1,5,81.0
14.67,53.52,7.35,29.05,0.28,29.5125,78.70833333333333,1006.7125,10.333333333333334,35.22083333333333,2020,5,13,2,5,74.0
15.23,56.14,9.24,21.85,0.29,29.983333333333334,77.08333333333333,1005.925,11.85,35.612500000000004,2020,5,14,3,5,65.0
17.67,62.36,9.47,26.61,0.31,30.2625,74.875,1005.9833333333332,12.7875,35.5625,2020,5,15,4,5,70.0
30.44,109.67,9.88,14.56,0.31,30.275,75.33333333333333,1005.9833333333332,10.8375,35.71666666666667,2020,5,16,5,5,79.0
29.74,110.21,8.21,13.73,0.28,30.0375,75.41666666666667,1005.4916666666668,11.854166666666666,35.3125,2020,5,17,6,5,119.0
21.3,74.82,9.61,15.6,0.26,30.1875,72.70833333333333,1004.975,15.6375,34.645833333333336,2020,5,18,0,5,86.0
15.36,65.41,9.44,14.24,0.28,29.858333333333334,71.875,1004.5375,13.254166666666668,34.387499999999996,2020,5,19,1,5,74.0
14.14,48.48,11.07,14.07,0.28,29.8,70.58333333333333,1004.6083333333332,11.225,34.46666666666667,2020,5,20,2,5,66.0
16.44,43.01,12.93,12.22,0.27,29.775,71.83333333333333,1005.8166666666666,10.895833333333334,34.670833333333334,2020,5,21,3,5,57.0
14.78,43.77,11.9,12.06,0.26,29.78333333333333,73.54166666666667,1007.0041666666666,10.2625,34.949999999999996,2020,5,22,4,5,51.0
15.18,52.48,10.89,10.33,0.29,29.491666666666664,78.20833333333333,1006.6875,12.158333333333331,34.84166666666667,2020,5,23,5,5,55.0
12.33,44.41,10.01,9.66,0.25,30.129166666666663,75.33333333333333,1007.2291666666666,12.220833333333331,35.516666666666666,2020,5,24,6,5,55.0
11.81,53.97,9.36,8.85,0.25,30.1,76.20833333333333,1007.7375,10.825,35.770833333333336,2020,5,25,0,5,54.0
12.64,60.01,8.14,8.57,0.24,30.041666666666668,76.29166666666667,1007.8291666666668,10.825,35.7125,2020,5,26,1,5,57.0
11.7,49.07,8.74,6.44,0.21,29.97083333333333,74.375,1007.3958333333334,12.241666666666667,35.141666666666666,2020,5,27,2,5,59.0
12.21,46.97,7.43,6.76,0.22,30.379166666666663,70.125,1006.5541666666668,13.608333333333334,34.99166666666667,2020,5,28,3,5,56.0
7.33,30.7,7.02,7.58,0.26,30.516666666666666,72.33333333333333,1006.5833333333334,12.754166666666668,35.6,2020,5,29,4,5,50.0
10.08,42.19,6.63,6.93,0.27,30.304166666666664,75.0,1006.9791666666666,10.195833333333333,36.05833333333333,2020,5,30,5,5,49.0
8.99,41.07,6.51,6.9,0.31,30.7625,71.54166666666667,1007.0833333333334,14.008333333333333,35.637499999999996,2020,5,31,6,5,53.0
17.27,44.22,13.22,7.68,0.33,29.045833333333334,78.04166666666667,1007.475,6.266666666666667,34.708333333333336,2020,6,1,0,5,48.0
21.94,46.59,16.61,7.71,0.43,27.84166666666667,80.83333333333333,1004.4708333333332,11.0875,32.46666666666667,2020,6,2,1,5,52.0
8.38,19.05,12.38,7.7,0.28,26.425,84.875,996.8541666666666,32.112500000000004,27.65416666666667,2020,6,3,2,5,50.0
20.53,47.52,15.73,10.03,0.34,27.641666666666666,84.125,1004.3875,14.816666666666668,32.045833333333334,2020,6,4,3,5,48.0
11.26,33.01,16.35,11.64,0.31,27.508333333333336,86.08333333333333,1005.6958333333332,17.8625,31.766666666666666,2020,6,5,4,5,66.0
9.38,30.27,10.81,11.76,0.28,27.079166666666666,87.375,1005.4125,18.0875,31.054166666666664,2020,6,6,5,5,46.0
10.85,35.86,10.79,10.8,0.31,27.175,87.375,1005.6083333333332,17.083333333333332,31.4,2020,6,7,6,5,49.0
8.92,25.63,13.93,11.19,0.33,26.954166666666666,87.29166666666667,1005.9041666666668,13.879166666666668,31.53333333333333,2020,6,8,0,5,50.0
8.93,28.08,10.65,11.95,0.33,27.475,88.625,1005.8208333333332,11.341666666666669,33.020833333333336,2020,6,9,1,5,47.0
10.43,34.98,8.75,12.71,0.33,27.71666666666667,89.54166666666667,1004.8416666666668,9.7,33.762499999999996,2020,6,10,2,5,48.0
9.0,28.18,8.24,12.79,0.32,27.5,89.125,1002.65,9.879166666666666,33.22083333333333,2020,6,11,3,5,48.0
10.46,31.78,11.19,13.66,0.38,27.5375,88.375,1000.5833333333334,9.066666666666666,33.225,2020,6,12,4,5,52.0
10.36,27.75,12.43,13.49,0.39,27.241666666666664,89.20833333333333,1000.4541666666668,8.645833333333334,32.9125,2020,6,13,5,5,54.0
9.87,25.02,12.87,10.2,0.38,27.804166666666664,88.04166666666667,1001.9791666666666,10.820833333333333,33.5,2020,6,14,6,5,51.0
10.58,27.54,14.08,11.14,0.4,27.558333333333337,89.625,1001.8416666666668,9.925,33.375,2020,6,15,0,5,49.0
9.59,22.68,13.97,11.24,0.44,27.195833333333336,88.91666666666667,1001.0083333333332,11.229166666666666,32.40833333333333,2020,6,16,1,5,54.0
6.62,21.38,14.26,11.22,0.41,26.866666666666664,90.54166666666669,1001.05,15.6875,31.475,2020,6,17,2,5,46.0
7.46,26.97,16.02,10.89,0.43,26.90833333333333,90.16666666666669,1003.1,20.679166666666667,30.733333333333334,2020,6,18,3,5,50.0
14.69,54.73,11.74,10.96,0.42,27.525,90.45833333333331,1004.9541666666668,16.95,32.37916666666667,2020,6,19,4,5,58.0
11.97,52.15,8.43,10.72,0.34,27.625,89.5,1005.6958333333332,14.929166666666667,32.69583333333333,2020,6,20,5,5,61.0
9.27,41.0,9.94,11.43,0.32,27.09583333333333,91.125,1004.8291666666664,15.633333333333333,31.925,2020,6,21,6,5,55.0
12.61,47.23,10.56,8.82,0.39,27.21666666666667,89.25,1003.0958333333332,16.412499999999998,31.829166666666666,2020,6,22,0,5,51.0
9.56,32.9,14.83,5.01,0.38,27.229166666666668,87.375,1003.7625,22.22083333333333,30.833333333333332,2020,6,23,1,5,59.0
8.73,30.22,11.76,4.77,0.4,27.65833333333333,86.45833333333333,1004.4041666666668,17.279166666666665,32.12916666666667,2020,6,24,2,5,55.0
11.84,43.79,9.81,5.19,0.4,28.09583333333333,85.33333333333333,1003.7958333333332,12.266666666666666,33.49583333333333,2020,6,25,3,5,59.0
13.82,47.1,8.6,7.66,0.42,27.979166666666668,87.16666666666667,1003.45,7.670833333333333,34.15,2020,6,26,4,5,57.0
18.04,63.72,8.58,10.36,0.43,28.2375,85.25,1003.8958333333334,10.041666666666666,33.9375,2020,6,27,5,5,64.0
12.33,44.84,8.06,10.58,0.38,28.09166666666667,86.08333333333333,1003.95,10.616666666666664,33.875,2020,6,28,6,5,64.0
7.88,27.51,7.94,11.11,0.38,27.15833333333333,89.16666666666667,1003.2833333333332,7.808333333333334,32.9,2020,6,29,0,5,54.0
4.66,13.87,8.02,13.4,0.36,27.295833333333334,88.75,1001.8583333333332,11.3,32.5375,2020,6,30,1,5,54.0
3.84,11.28,5.57,13.18,0.37,27.075,89.875,1002.8166666666666,16.8875,31.554166666666664,2020,7,1,2,5,53.0
