city,date,PM2.5,PM10,NO2,SO2,CO,AQI,temperature,humidity,pressure,wind_speed,apparent_temperature
ahmedabad,2020-01-01,79.57,131.62,12.64,27.7,3.78,216.0,19.783333333333335,64.91666666666667,1008.5749999999999,10.883333333333333,19.145833333333332
ahmedabad,2020-01-02,72.59,128.86,14.38,23.96,3.63,162.0,19.920833333333334,66.16666666666667,1010.5416666666666,9.908333333333333,19.541666666666668
ahmedabad,2020-01-03,69.54,128.99,15.13,35.78,7.06,220.0,18.2,68.25,1010.9083333333333,7.8875,17.650000000000002
ahmedabad,2020-01-04,66.2,138.47,20.79,38.98,8.97,254.0,18.154166666666665,62.5,1009.775,9.887500000000001,16.904166666666665
ahmedabad,2020-01-05,55.99,110.41,15.34,45.83,5.41,255.0,18.404166666666665,59.458333333333336,1009.9541666666668,12.654166666666667,16.575
ahmedabad,2020-01-06,46.96,109.44,16.88,38.11,7.17,175.0,19.8625,63.166666666666664,1009.4333333333334,10.429166666666665,19.204166666666666
ahmedabad,2020-01-07,70.06,161.09,22.67,58.67,7.37,285.0,21.216666666666665,70.41666666666667,1007.3333333333334,7.2,21.979166666666668
ahmedabad,2020-01-08,61.4,118.44,16.33,30.54,2.38,157.0,19.7,58.708333333333336,1007.5500000000001,12.533333333333333,18.266666666666666
ahmedabad,2020-01-09,38.89,93.4,14.14,46.78,2.41,129.0,16.5625,49.708333333333336,1011.1,13.9625,13.483333333333334
ahmedabad,2020-01-10,56.14,108.83,11.65,26.75,2.5,129.0,16.641666666666666,48.416666666666664,1010.9666666666667,17.729166666666668,13.012500000000001
ahmedabad,2020-01-11,59.96,109.98,14.37,45.44,2.38,114.0,19.025000000000002,51.875,1009.5875,15.158333333333333,16.608333333333334
ahmedabad,2020-01-12,83.9,152.94,20.66,58.01,8.81,212.0,22.258333333333336,62.125,1007.5083333333333,9.975,22.40416666666667
ahmedabad,2020-01-13,89.34,143.84,19.05,62.71,8.08,368.0,19.825,75.16666666666667,1005.7708333333334,10.083333333333334,20.129166666666666
ahmedabad,2020-01-14,39.83,44.53,16.42,25.78,3.26,189.0,17.933333333333334,59.958333333333336,1007.7333333333332,9.345833333333333,16.537499999999998
ahmedabad,2020-01-15,53.27,90.4,16.01,19.5,3.59,142.0,16.608333333333334,55.875,1007.5583333333334,9.033333333333333,14.674999999999999
ahmedabad,2020-01-16,40.07,79.32,13.41,10.67,3.75,152.0,15.995833333333332,62.958333333333336,1008.375,12.883333333333333,13.845833333333333
ahmedabad,2020-01-17,80.24,219.84,15.61,36.88,20.06,334.0,16.566666666666666,67.79166666666667,1009.6666666666666,8.025,15.579166666666666
ahmedabad,2020-01-18,59.51,106.43,25.39,71.69,24.98,547.0,17.3625,61.958333333333336,1009.6791666666667,8.470833333333333,16.158333333333335
ahmedabad,2020-01-19,36.05,79.23,22.26,46.67,13.05,375.0,18.2375,52.208333333333336,1010.5,12.658333333333333,15.933333333333332
ahmedabad,2020-01-20,36.21,82.86,15.65,44.86,20.86,384.0,18.116666666666667,56.041666666666664,1009.2833333333333,11.079166666666666,16.283333333333335
ahmedabad,2020-01-21,51.15,123.03,25.32,84.52,33.0,529.0,18.533333333333335,55.791666666666664,1008.9083333333333,8.2875,17.170833333333334
ahmedabad,2020-01-22,51.32,121.82,23.56,50.3,20.18,449.0,19.816666666666666,53.916666666666664,1010.6125000000001,9.895833333333334,18.529166666666665
ahmedabad,2020-01-23,38.71,88.47,16.11,34.63,10.39,483.0,20.162499999999998,52.25,1011.3125,14.770833333333334,18.025000000000002
ahmedabad,2020-01-24,40.83,96.12,19.84,54.28,18.14,444.2,19.912499999999998,47.583333333333336,1009.9416666666666,11.225,17.991666666666667
ahmedabad,2020-01-25,61.05,132.46,23.86,144.29,19.52,405.4,19.570833333333333,53.208333333333336,1009.0124999999999,6.995833333333334,18.470833333333335
ahmedabad,2020-01-26,62.03,191.09,12.48,112.57,118.0,366.6,20.89166666666667,52.416666666666664,1006.9375,6.670833333333333,20.095833333333335
ahmedabad,2020-01-27,33.93,85.43,30.39,51.25,9.53,327.8,21.004166666666666,58.333333333333336,1004.375,8.845833333333333,20.5125
ahmedabad,2020-01-28,18.03,66.54,18.02,35.39,11.31,289.0,20.204166666666666,51.541666666666664,1005.35,12.366666666666667,18.3875
ahmedabad,2020-01-29,28.77,73.99,21.98,40.13,20.76,204.0,17.775000000000002,51.25,1009.4708333333333,8.716666666666667,15.862499999999999
ahmedabad,2020-01-30,41.74,92.88,26.88,100.04,36.07,528.0,17.9875,49.666666666666664,1010.0458333333332,7.9875,16.133333333333333
ahmedabad,2020-01-31,57.28,109.84,50.06,83.08,36.16,660.0,18.337500000000002,52.083333333333336,1007.9208333333332,8.133333333333333,16.754166666666666
ahmedabad,2020-02-01,88.79,125.19,54.23,56.67,15.2,483.0,19.279166666666665,34.375,1009.3666666666667,13.545833333333334,15.783333333333333
ahmedabad,2020-02-02,52.31,97.67,38.28,36.8,9.38,336.0,20.254166666666666,39.166666666666664,1010.2666666666668,14.841666666666667,17.216666666666665
ahmedabad,2020-02-03,68.19,106.14,45.94,31.18,10.08,272.0,20.775000000000002,42.833333333333336,1009.3375,10.487499999999999,18.849999999999998
ahmedabad,2020-02-04,80.59,127.97,59.9,48.18,29.48,571.0,19.95,36.791666666666664,1008.0958333333333,8.670833333333333,17.4375
ahmedabad,2020-02-05,77.56,137.39,59.03,59.11,30.93,568.0,19.966666666666665,41.541666666666664,1008.375,9.0875,17.879166666666666
ahmedabad,2020-02-06,56.5,121.52,55.49,51.41,6.1,387.0,20.3875,36.791666666666664,1008.0083333333333,11.0,17.712500000000002
ahmedabad,2020-02-07,66.87,127.71,53.47,47.32,23.75,322.0,20.4375,38.083333333333336,1009.225,11.620833333333332,17.870833333333334
ahmedabad,2020-02-08,95.25,160.18,54.77,55.99,14.56,652.0,20.345833333333335,37.875,1011.6999999999999,14.941666666666668,17.087500000000002
ahmedabad,2020-02-09,69.85,124.4,40.74,27.16,6.25,215.0,20.320833333333333,38.333333333333336,1011.9375,15.166666666666666,17.145833333333332
ahmedabad,2020-02-10,64.94,116.45,47.28,31.84,8.62,223.0,20.6125,39.916666666666664,1010.0208333333334,12.325000000000001,18.129166666666666
ahmedabad,2020-02-11,79.58,145.12,55.78,48.28,12.48,340.0,22.504166666666666,50.5,1009.4916666666667,9.620833333333334,21.837500000000002
ahmedabad,2020-02-12,83.67,164.2,56.27,52.9,27.61,475.0,24.3125,48.541666666666664,1010.6583333333333,9.554166666666667,23.829166666666666
ahmedabad,2020-02-13,88.83,182.12,45.43,40.9,57.7,974.0,24.733333333333334,43.916666666666664,1010.3666666666667,9.941666666666666,23.679166666666664
ahmedabad,2020-02-14,50.55,116.51,57.55,54.6,18.72,412.0,24.3,38.5,1008.2375000000001,10.387500000000001,22.599999999999998
ahmedabad,2020-02-15,73.04,136.02,67.15,57.08,24.78,480.0,22.941666666666666,38.0,1007.2833333333333,7.120833333333334,21.491666666666664
ahmedabad,2020-02-16,59.47,124.36,63.11,66.39,14.28,388.0,25.2375,40.416666666666664,1008.0916666666667,10.933333333333332,23.945833333333336
ahmedabad,2020-02-17,62.48,147.78,50.12,57.29,43.22,543.0,25.72083333333333,27.708333333333332,1009.2833333333333,11.383333333333333,23.15833333333333
ahmedabad,2020-02-18,85.33,163.52,54.08,64.71,59.34,1226.0,24.6375,32.916666666666664,1007.9499999999999,7.3625,23.05
ahmedabad,2020-02-19,114.79,217.94,80.38,118.91,42.62,1291.0,25.083333333333332,41.833333333333336,1005.3249999999999,6.625,24.545833333333334
ahmedabad,2020-02-20,65.74,164.24,70.75,72.14,22.33,493.0,24.6125,37.083333333333336,1004.7041666666668,8.329166666666667,23.120833333333334
ahmedabad,2020-02-21,60.61,133.31,52.78,52.84,10.49,407.0,24.025000000000002,40.791666666666664,1007.9083333333333,8.070833333333333,22.929166666666664
ahmedabad,2020-02-22,36.35,97.03,52.87,42.9,4.78,168.0,24.34166666666667,29.708333333333332,1010.4125,11.854166666666666,21.72083333333333
ahmedabad,2020-02-23,54.06,104.74,51.33,48.07,4.22,219.0,24.412499999999998,39.5,1008.9208333333332,10.237499999999999,22.97083333333333
ahmedabad,2020-02-24,68.68,141.39,74.32,42.37,10.92,282.0,24.316666666666666,41.458333333333336,1007.0749999999999,10.637500000000001,22.95
ahmedabad,2020-02-25,73.18,193.22,94.67,62.73,31.41,528.0,24.833333333333332,33.875,1006.8375,9.741666666666667,22.962500000000002
ahmedabad,2020-02-26,137.81,242.98,124.33,103.5,70.45,983.0,25.320833333333336,37.125,1007.0958333333333,3.2458333333333336,24.820833333333336
ahmedabad,2020-02-27,94.27,177.11,92.35,68.76,92.96,1262.0,26.1375,36.833333333333336,1006.4125,4.941666666666666,25.554166666666664
ahmedabad,2020-02-28,79.68,169.52,91.2,64.67,57.77,962.0,26.45,37.0,1003.9166666666666,6.016666666666667,25.775000000000002
ahmedabad,2020-02-29,53.86,136.6,75.13,64.67,17.8,421.0,26.837500000000002,35.958333333333336,1002.8416666666667,8.841666666666667,25.858333333333334
ahmedabad,2020-03-01,53.06,123.32,59.64,70.8,22.34,475.0,26.0625,36.375,1004.2666666666668,6.729166666666667,25.2625
ahmedabad,2020-03-02,56.2,149.92,62.85,81.42,23.13,508.0,25.854166666666668,32.5,1004.5416666666666,7.8625,24.3625
ahmedabad,2020-03-03,77.58,155.65,60.32,119.95,21.26,460.0,25.900000000000002,37.25,1004.0208333333334,7.375,24.983333333333334
ahmedabad,2020-03-04,49.16,125.88,31.08,51.07,7.4,246.0,25.337500000000002,41.833333333333336,1003.9291666666667,11.887500000000001,24.070833333333336
ahmedabad,2020-03-05,43.75,115.5,24.16,63.99,8.43,261.0,24.129166666666666,53.625,1002.8541666666666,10.674999999999999,23.84166666666667
ahmedabad,2020-03-06,54.05,128.08,28.74,61.9,10.7,308.0,23.191666666666666,52.666666666666664,1002.8458333333333,13.6875,22.041666666666668
ahmedabad,2020-03-07,51.32,140.9,41.31,45.6,12.19,359.0,22.129166666666666,34.041666666666664,1006.6999999999999,5.783333333333334,20.445833333333333
ahmedabad,2020-03-08,35.04,85.35,45.21,32.78,7.87,325.0,23.662499999999998,33.708333333333336,1006.6958333333333,8.470833333333333,21.75
ahmedabad,2020-03-09,37.02,90.26,32.91,42.98,5.55,170.0,25.4875,31.25,1004.1416666666668,13.6,23.0
ahmedabad,2020-03-10,37.67,94.36,17.52,26.68,2.28,116.0,24.895833333333332,50.208333333333336,1002.4166666666666,14.058333333333332,24.066666666666666
ahmedabad,2020-03-11,31.12,80.79,21.51,19.43,3.56,152.0,24.004166666666666,48.791666666666664,1003.9666666666667,15.450000000000001,22.358333333333334
ahmedabad,2020-03-12,41.19,114.05,31.18,40.38,6.04,218.0,21.891666666666666,36.041666666666664,1006.6208333333334,11.129166666666668,19.433333333333334
ahmedabad,2020-03-13,41.72,97.7,24.99,27.3,6.95,302.0,22.21666666666667,42.0,1008.25,8.991666666666667,20.654166666666665
ahmedabad,2020-03-14,39.57,111.46,35.3,49.34,4.0,170.0,23.579166666666666,26.958333333333332,1008.15,11.35,20.595833333333335
ahmedabad,2020-03-15,39.42,115.8,31.33,27.4,5.11,215.0,24.5625,25.291666666666668,1007.8583333333332,13.799999999999999,21.070833333333333
ahmedabad,2020-03-16,36.03,90.32,34.32,28.6,3.89,222.0,25.941666666666666,25.0,1007.3874999999999,12.583333333333334,22.974999999999998
ahmedabad,2020-03-17,53.07,112.92,37.65,34.49,16.02,310.0,26.900000000000002,29.875,1006.8625000000001,9.833333333333334,25.1875
ahmedabad,2020-03-18,58.54,124.58,44.39,42.86,15.45,487.0,28.229166666666668,29.25,1005.8708333333334,9.6,26.662499999999998
ahmedabad,2020-03-19,101.09,162.86,43.66,42.07,15.07,988.0,28.84583333333333,28.083333333333332,1003.9041666666667,6.679166666666667,27.65416666666667
ahmedabad,2020-03-20,50.47,109.06,35.13,44.08,4.67,642.0,27.15833333333333,31.791666666666668,1003.7166666666667,11.004166666666668,25.5
ahmedabad,2020-03-21,74.43,132.17,31.56,67.89,9.82,296.0,26.920833333333334,47.916666666666664,1004.4541666666668,7.616666666666667,27.675
ahmedabad,2020-03-22,48.16,122.17,18.27,52.62,5.47,180.0,28.962500000000002,45.291666666666664,1005.125,7.170833333333333,29.9875
ahmedabad,2020-03-23,44.61,112.32,31.4,34.25,4.98,247.0,29.916666666666668,39.458333333333336,1004.1875,6.454166666666667,30.545833333333334
ahmedabad,2020-03-24,31.89,98.52,25.2,44.87,2.96,135.0,31.354166666666668,33.666666666666664,1002.9208333333332,11.104166666666666,30.97083333333333
ahmedabad,2020-03-25,33.25,91.38,33.45,61.4,4.28,195.0,30.650000000000002,33.583333333333336,1002.4291666666667,8.620833333333334,30.416666666666668
ahmedabad,2020-03-26,43.67,91.12,26.61,34.72,7.11,216.0,28.44583333333333,48.291666666666664,1004.1374999999999,10.362499999999999,29.162499999999998
ahmedabad,2020-03-27,22.93,37.12,18.52,16.19,5.23,193.0,25.2375,59.208333333333336,1007.3916666666668,11.154166666666667,25.829166666666666
ahmedabad,2020-03-28,37.73,72.43,35.52,16.06,4.67,160.0,26.520833333333332,40.416666666666664,1006.75,8.841666666666667,25.991666666666664
ahmedabad,2020-03-29,20.67,75.48,26.98,22.76,3.08,125.0,27.84583333333333,35.833333333333336,1004.6583333333333,9.758333333333333,27.02916666666667
ahmedabad,2020-03-30,28.55,89.1,38.65,19.14,4.11,140.0,29.258333333333336,33.375,1003.6333333333333,8.233333333333333,28.6875
ahmedabad,2020-03-31,29.97,98.96,22.08,32.01,3.85,145.0,29.037499999999998,31.125,1003.6958333333333,9.075000000000001,28.041666666666668
ahmedabad,2020-04-01,24.79,86.06,21.29,22.16,4.5,153.0,29.433333333333334,38.333333333333336,1004.5666666666666,11.979166666666666,29.0625
ahmedabad,2020-04-02,25.52,88.12,24.24,18.54,4.46,164.0,29.15416666666667,35.791666666666664,1003.275,8.854166666666666,28.7625
ahmedabad,2020-04-03,33.48,87.96,41.44,23.84,4.51,173.0,30.420833333333334,27.416666666666668,1003.4166666666666,11.054166666666667,28.849999999999998
ahmedabad,2020-04-04,39.44,84.83,39.88,27.53,3.82,182.0,30.379166666666666,26.625,1003.7666666666668,8.970833333333333,29.041666666666668
ahmedabad,2020-04-05,43.77,87.96,40.99,31.4,3.35,152.0,30.3625,26.458333333333332,1004.1625,5.479166666666667,29.483333333333334
ahmedabad,2020-04-06,46.64,95.3,29.6,22.2,3.75,145.0,30.429166666666664,28.208333333333332,1003.9125,7.45,29.629166666666666
ahmedabad,2020-04-07,45.8,104.5,16.8,31.04,3.87,159.0,30.96666666666667,29.666666666666668,1002.4916666666667,9.770833333333334,30.179166666666664
ahmedabad,2020-04-08,36.3,90.07,15.65,30.8,5.19,183.0,30.316666666666666,40.416666666666664,1003.3541666666666,10.216666666666667,30.620833333333334
ahmedabad,2020-04-09,32.12,89.74,21.61,20.75,5.07,168.0,30.6125,38.916666666666664,1003.8916666666668,8.5625,31.120833333333334
ahmedabad,2020-04-10,30.73,78.56,28.65,32.01,0.59,113.0,31.695833333333336,29.583333333333332,1004.3208333333333,7.9875,31.27916666666667
ahmedabad,2020-04-11,30.18,74.99,34.81,25.09,0.45,89.0,33.13333333333333,23.0,1005.1791666666667,9.541666666666666,31.795833333333334
ahmedabad,2020-04-12,26.7,72.83,27.0,21.57,0.36,101.0,34.11666666666667,18.541666666666668,1003.8000000000001,10.116666666666667,32.175000000000004
ahmedabad,2020-04-13,18.77,61.54,23.01,26.86,0.39,95.0,34.03333333333333,18.916666666666668,1002.6958333333333,12.958333333333334,31.666666666666668
ahmedabad,2020-04-14,31.16,72.09,25.9,21.85,0.37,89.0,34.420833333333334,21.875,1002.6750000000001,10.737499999999999,32.99166666666667
ahmedabad,2020-04-15,23.69,64.81,17.18,23.5,0.43,88.0,33.86666666666667,23.708333333333332,1003.5166666666668,13.558333333333332,32.137499999999996
ahmedabad,2020-04-16,38.65,81.47,26.76,22.03,0.36,95.0,33.05416666666667,27.583333333333332,1001.85,11.791666666666666,32.07083333333333
ahmedabad,2020-04-17,30.8,76.25,25.97,18.03,0.36,92.0,33.31666666666667,31.041666666666668,1001.6083333333332,12.129166666666668,32.9
ahmedabad,2020-04-18,30.69,107.31,22.57,36.24,0.41,96.0,33.954166666666666,26.416666666666668,1002.5458333333332,13.229166666666666,32.8125
ahmedabad,2020-04-19,21.27,65.12,13.93,21.0,0.36,99.0,33.275,30.916666666666668,1002.3958333333334,13.6,32.574999999999996
ahmedabad,2020-04-20,29.84,77.98,15.77,25.22,0.34,86.0,33.112500000000004,31.333333333333332,1001.5749999999999,13.541666666666666,32.545833333333334
ahmedabad,2020-04-21,27.81,73.99,16.32,19.16,0.39,87.0,32.9625,34.458333333333336,1001.7541666666666,8.879166666666666,33.425000000000004
ahmedabad,2020-04-22,32.11,94.34,17.95,15.83,0.45,101.0,34.00416666666667,32.916666666666664,1000.9041666666667,11.133333333333333,34.24166666666667
ahmedabad,2020-04-23,31.67,81.09,16.17,32.39,0.35,106.0,34.36666666666667,31.708333333333332,1000.6583333333333,16.025000000000002,33.770833333333336
ahmedabad,2020-04-24,27.19,82.36,16.13,20.59,0.28,110.0,33.395833333333336,34.458333333333336,999.8666666666667,18.537499999999998,32.545833333333334
ahmedabad,2020-04-25,28.25,70.48,13.88,16.51,0.38,98.0,31.770833333333332,41.791666666666664,1000.4541666666668,13.529166666666667,32.112500000000004
ahmedabad,2020-04-26,25.91,73.35,13.82,10.58,0.4,101.0,32.27916666666667,41.666666666666664,1001.3416666666667,10.670833333333334,33.375
ahmedabad,2020-04-27,31.76,81.16,19.95,29.73,0.46,117.0,32.24583333333333,41.5,1002.8041666666667,9.433333333333334,33.604166666666664
ahmedabad,2020-04-28,32.55,87.41,23.58,42.86,0.46,130.0,33.608333333333334,34.083333333333336,1002.85,8.579166666666667,34.170833333333334
ahmedabad,2020-04-29,27.15,76.73,24.82,32.97,0.67,122.0,35.1,25.666666666666668,1001.475,11.525,34.2375
ahmedabad,2020-04-30,26.93,74.38,17.05,37.7,0.46,128.0,35.99583333333333,23.041666666666668,1001.8166666666666,11.450000000000001,34.99583333333333
ahmedabad,2020-05-01,28.71,89.91,13.32,26.36,0.54,128.0,36.05833333333333,24.791666666666668,1001.8583333333332,13.0375,35.1875
ahmedabad,2020-05-02,22.56,63.23,15.16,25.87,0.56,131.0,34.583333333333336,32.208333333333336,1000.6291666666666,15.391666666666666,33.9625
ahmedabad,2020-05-03,23.82,62.1,16.38,22.71,0.64,121.0,34.333333333333336,38.458333333333336,1000.3249999999999,14.341666666666667,34.97083333333333
ahmedabad,2020-05-04,23.73,69.88,15.87,20.04,0.73,130.0,34.579166666666666,41.583333333333336,1000.9499999999999,12.879166666666665,36.108333333333334
ahmedabad,2020-05-05,33.47,134.83,29.05,2.42,0.54,143.0,35.03333333333333,39.208333333333336,1000.8583333333332,11.7875,36.520833333333336
ahmedabad,2020-05-06,26.52,79.38,18.06,3.0507142857142853,0.67,146.0,34.82083333333333,37.541666666666664,999.7125,10.975,35.9375
ahmedabad,2020-05-07,30.45,75.08,21.48,3.681428571428571,0.4,135.0,34.233333333333334,30.75,1000.1999999999999,7.7124999999999995,34.67916666666667
ahmedabad,2020-05-08,26.79,66.34,14.99,4.312142857142857,0.51,127.0,34.4625,37.791666666666664,999.9541666666668,10.895833333333334,35.525
ahmedabad,2020-05-09,23.79,74.56,16.64,4.942857142857142,0.55,122.0,34.44583333333333,40.25,1000.7666666666668,9.9375,36.145833333333336
ahmedabad,2020-05-10,26.17,62.14,14.73,5.573571428571428,0.77,125.0,34.375,37.458333333333336,1000.5375,10.762500000000001,35.4375
ahmedabad,2020-05-11,21.31,66.1,15.01,6.204285714285714,0.54,125.0,33.637499999999996,40.541666666666664,1001.0833333333334,10.666666666666666,35.05833333333333
ahmedabad,2020-05-12,21.94,69.06,16.95,6.834999999999999,0.58,135.0,33.9375,43.791666666666664,1000.3458333333333,9.637500000000001,36.19583333333333
ahmedabad,2020-05-13,23.19,67.28,17.46,7.465714285714284,0.48,117.0,34.916666666666664,39.541666666666664,999.4458333333333,11.070833333333333,36.704166666666666
ahmedabad,2020-05-14,21.9,64.39,18.73,8.09642857142857,0.49,127.0,34.824999999999996,35.625,999.4791666666666,9.716666666666667,36.07083333333333
ahmedabad,2020-05-15,19.15,78.8,19.59,8.727142857142855,0.51,125.0,35.233333333333334,32.791666666666664,999.4791666666666,12.629166666666668,35.65
ahmedabad,2020-05-16,35.75,107.68,18.72,9.357857142857142,0.39,136.0,35.30416666666667,33.0,998.9250000000001,14.8375,35.35
ahmedabad,2020-05-17,27.28,63.5,18.56,9.988571428571426,0.68,137.0,34.92916666666667,31.666666666666668,998.5583333333334,15.779166666666667,34.4375
ahmedabad,2020-05-18,20.85,61.13,21.35,10.619285714285713,0.62,133.0,34.55416666666667,33.083333333333336,997.8958333333334,14.875,34.449999999999996
ahmedabad,2020-05-19,23.98,56.9,26.56,11.249999999999998,0.61,133.0,34.449999999999996,35.041666666666664,996.9666666666667,13.408333333333333,34.8125
ahmedabad,2020-05-20,25.6,82.26,22.47,11.880714285714284,0.69,132.0,35.93333333333333,26.875,996.2291666666666,13.8375,35.11666666666667
ahmedabad,2020-05-21,33.35,84.99,25.02,12.511428571428567,0.56,130.0,35.87916666666667,24.041666666666668,997.5458333333332,12.395833333333334,34.84583333333333
ahmedabad,2020-05-22,31.38,90.28,35.67,13.142142857142854,0.65,142.0,35.5875,24.458333333333332,998.7708333333334,13.924999999999999,34.237500000000004
ahmedabad,2020-05-23,29.26,82.26,22.23,13.77285714285714,0.67,135.0,34.94166666666667,34.958333333333336,999.4250000000001,14.5375,35.074999999999996
ahmedabad,2020-05-24,25.47,67.79,17.85,14.403571428571423,0.81,140.0,35.333333333333336,37.416666666666664,999.9666666666667,15.908333333333333,35.824999999999996
ahmedabad,2020-05-25,24.84,70.95,16.03,15.03428571428571,0.57,126.0,35.24583333333333,39.75,1000.1916666666666,16.295833333333334,36.145833333333336
ahmedabad,2020-05-26,29.78,99.14,19.35,15.664999999999996,0.59,126.0,34.94166666666667,42.083333333333336,999.4333333333334,16.579166666666666,35.99166666666667
ahmedabad,2020-05-27,31.25,89.65,21.42,16.295714285714283,0.83,123.0,34.68333333333333,43.583333333333336,998.0791666666668,16.733333333333334,36.074999999999996
ahmedabad,2020-05-28,30.7,86.02,18.84,16.926428571428566,0.56,117.0,35.025,41.083333333333336,996.8583333333332,17.76666666666667,36.05416666666667
ahmedabad,2020-05-29,23.91,81.0,18.6,17.557142857142853,0.57,126.0,34.11666666666667,50.041666666666664,997.4625,16.3,36.583333333333336
ahmedabad,2020-05-30,25.71,66.36,16.46,18.18785714285714,0.41,112.0,33.637499999999996,50.916666666666664,999.0916666666667,14.420833333333334,36.27916666666667
ahmedabad,2020-05-31,22.83,67.92,15.35,18.818571428571424,0.4,104.0,34.25416666666667,47.458333333333336,999.8541666666666,11.441666666666668,36.979166666666664
ahmedabad,2020-06-01,31.02,312.28,22.62,19.449285714285708,0.64,126.0,34.454166666666666,46.916666666666664,1000.0833333333334,11.454166666666666,37.375
ahmedabad,2020-06-02,131.88,173.4,41.56,20.08,0.45,152.0,33.62083333333333,48.333333333333336,998.7916666666666,10.924999999999999,36.65416666666667
ahmedabad,2020-06-03,78.97999999999999,586.27,43.36,23.71,0.44,126.5,33.420833333333334,44.791666666666664,996.5083333333333,9.404166666666667,35.77916666666667
ahmedabad,2020-06-04,26.08,84.25,37.3,21.29,0.79,101.0,32.483333333333334,49.791666666666664,996.3291666666668,9.141666666666667,35.141666666666666
ahmedabad,2020-06-05,30.72,88.9,33.6,14.73,0.63,92.0,31.541666666666668,66.08333333333333,997.4499999999999,14.141666666666666,35.708333333333336
ahmedabad,2020-06-06,33.19,65.77,39.76,14.4,0.71,95.0,30.65833333333333,69.58333333333333,997.3583333333332,14.2125,34.94583333333333
ahmedabad,2020-06-07,20.67,69.5,34.11,13.05,0.82,93.0,29.895833333333332,72.66666666666667,997.7708333333334,13.470833333333333,34.30833333333333
ahmedabad,2020-06-08,22.92,70.97,28.47,11.6,0.57,97.0,29.0125,78.25,998.1083333333332,12.391666666666666,33.766666666666666
ahmedabad,2020-06-09,21.17,81.73,25.68,12.69,0.86,84.0,29.770833333333332,75.58333333333333,998.3458333333333,10.049999999999999,34.9375
ahmedabad,2020-06-10,23.62,94.06,20.92,16.22,0.85,101.0,31.25,69.58333333333333,997.3708333333334,9.654166666666667,36.574999999999996
ahmedabad,2020-06-11,20.4,66.21,26.94,18.41,0.68,92.0,31.3,67.66666666666667,995.2291666666666,7.875,36.43333333333333
ahmedabad,2020-06-12,21.4,93.89,22.4,16.27,0.85,105.0,32.69166666666667,63.625,993.4916666666667,8.870833333333334,37.979166666666664
ahmedabad,2020-06-13,21.72,62.28,28.15,17.51,1.18,98.0,31.045833333333334,72.0,993.4083333333333,8.424999999999999,36.641666666666666
ahmedabad,2020-06-14,24.1,87.14,27.53,20.82,0.86,96.0,29.72083333333333,80.08333333333333,995.3333333333334,10.299999999999999,35.454166666666666
ahmedabad,2020-06-15,21.21,92.72,31.93,19.3,0.85,96.0,30.891666666666666,74.79166666666667,994.3458333333333,11.079166666666666,36.395833333333336
ahmedabad,2020-06-16,31.49,94.09,24.73,11.26,0.85,80.0,31.40833333333333,72.29166666666667,993.0541666666667,12.066666666666668,36.8375
ahmedabad,2020-06-17,14.79,11.5,19.65,9.4,0.81,95.0,30.6875,73.16666666666667,993.2416666666667,14.674999999999999,35.36666666666667
ahmedabad,2020-06-18,12.1,89.23,36.24,11.72,0.56,101.5,30.766666666666666,71.875,994.7083333333334,15.4375,35.233333333333334
ahmedabad,2020-06-19,17.65,135.16,33.84,9.9,0.71,108.0,31.15833333333333,69.91666666666667,996.3166666666666,17.920833333333334,35.083333333333336
ahmedabad,2020-06-20,22.9,120.7,15.81,10.1,0.5,124.0,31.375,67.33333333333333,997.4250000000001,15.858333333333334,35.50833333333333
ahmedabad,2020-06-21,24.28,138.12,12.44,11.45,0.7,106.0,30.879166666666666,69.91666666666667,996.3958333333334,15.445833333333333,35.1875
ahmedabad,2020-06-22,19.02,98.37,16.76,13.32,0.52,75.0,30.46666666666667,70.875,995.1791666666667,14.820833333333333,34.775
ahmedabad,2020-06-23,22.2,88.99,15.67,13.0,0.51,85.0,30.037499999999998,71.95833333333333,996.5041666666666,13.345833333333333,34.35
ahmedabad,2020-06-24,30.29,115.71,25.92,11.99,0.75,91.0,30.891666666666666,71.41666666666667,997.4666666666667,11.841666666666667,35.975
ahmedabad,2020-06-25,32.56,142.43,24.83,11.73,0.65,95.0,30.791666666666668,72.875,996.9125,9.708333333333334,36.3125
ahmedabad,2020-06-26,36.48,150.65,30.78,10.41,0.59,93.0,31.962500000000002,66.58333333333333,996.2958333333332,11.008333333333333,36.82083333333333
ahmedabad,2020-06-27,62.12,118.67,56.35,12.44,0.49,92.0,32.983333333333334,59.416666666666664,996.275,13.154166666666667,37.112500000000004
ahmedabad,2020-06-28,31.57,123.325,23.99,11.01,0.52,82.0,33.57083333333333,57.208333333333336,995.7333333333332,13.991666666666667,37.56666666666667
ahmedabad,2020-06-29,29.75,127.98,25.15,12.1,0.67,74.0,33.00416666666667,62.0,995.4541666666668,10.266666666666667,38.03333333333333
ahmedabad,2020-06-30,40.02,121.1,58.92,16.39,0.73,98.0,31.6125,67.16666666666667,995.375,6.304166666666667,37.15833333333333
ahmedabad,2020-07-01,37.63,121.1,35.04,14.4,0.28,119.0,31.662499999999998,65.375,995.5875,11.608333333333334,36.25
chennai,2020-01-01,28.25,40.44,12.66,12.44,0.65,70.0,25.054166666666664,87.75,1012.9916666666667,8.941666666666666,29.1875
chennai,2020-01-02,27.59,23.01,11.47,7.0,0.76,57.0,25.520833333333332,88.16666666666667,1013.8708333333334,8.020833333333334,30.087500000000002
chennai,2020-01-03,32.16,36.63,10.95,10.2,0.97,74.0,26.15416666666667,84.875,1012.2624999999999,7.2749999999999995,30.879166666666666
chennai,2020-01-04,30.49,44.9,11.49,8.4,0.87,64.0,26.354166666666668,84.79166666666667,1010.5749999999999,8.2875,31.070833333333336
chennai,2020-01-05,23.37,30.76,8.69,7.45,0.77,62.0,26.116666666666664,84.41666666666667,1010.9375,7.583333333333333,30.625
chennai,2020-01-06,19.45,25.87,10.41,8.12,0.83,61.0,25.620833333333334,85.125,1012.9833333333332,12.950000000000001,29.15416666666667
chennai,2020-01-07,33.54,40.38,12.16,19.3,0.55,55.0,25.979166666666668,79.375,1012.7291666666666,16.770833333333332,28.570833333333336
chennai,2020-01-08,42.22,61.8,17.3,21.18,0.55,73.0,25.416666666666668,74.54166666666667,1012.1875,11.004166666666668,28.108333333333334
chennai,2020-01-09,42.16,75.24,17.47,17.91,0.78,79.0,24.6125,73.75,1011.8041666666667,7.370833333333334,27.400000000000002
chennai,2020-01-10,40.76,69.94,17.3,9.65,0.77,74.0,25.079166666666666,70.0,1012.2458333333334,10.825000000000001,27.09166666666667
chennai,2020-01-11,39.81,71.75,18.69,10.03,0.79,72.0,25.183333333333334,70.25,1013.1166666666667,10.354166666666666,27.304166666666664
chennai,2020-01-12,58.38,73.51,14.35,8.13,0.85,83.0,25.020833333333332,78.25,1011.9625,11.145833333333334,27.754166666666666
chennai,2020-01-13,74.12,122.43,16.68,17.51,0.88,140.0,24.287499999999998,79.58333333333333,1010.9166666666666,8.366666666666667,27.25
chennai,2020-01-14,122.88,168.34,20.24,23.68,1.1,230.0,23.895833333333332,71.04166666666667,1011.0875,8.5,25.883333333333336
chennai,2020-01-15,48.06,66.92,13.76,17.7,0.65,168.0,25.224999999999998,62.25,1011.4458333333333,8.858333333333333,26.679166666666664
chennai,2020-01-16,34.09,44.39,12.32,19.88,0.65,74.0,25.425,68.33333333333333,1011.4666666666667,9.416666666666666,27.641666666666666
chennai,2020-01-17,35.33,53.18,11.1,22.76,0.7,62.0,25.27916666666667,82.20833333333333,1011.5833333333334,11.275,28.599999999999998
chennai,2020-01-18,28.67,28.47,10.68,27.29,0.84,65.0,25.875,80.95833333333333,1011.4875000000001,13.008333333333333,29.0625
chennai,2020-01-19,31.17,33.25,17.08,23.09,0.78,67.0,26.21666666666667,74.75,1011.9875000000001,10.450000000000001,29.383333333333336
chennai,2020-01-20,37.66,53.48,23.7,17.54,0.88,69.0,25.704166666666666,76.875,1012.7333333333332,9.533333333333333,29.070833333333336
chennai,2020-01-21,44.91,60.17,22.62,18.22,0.8,85.0,25.72083333333333,70.75,1014.1791666666667,12.054166666666667,27.916666666666668
chennai,2020-01-22,47.95,64.49,20.03,12.25,0.89,93.0,26.070833333333336,69.95833333333333,1014.4708333333333,14.362499999999999,28.025000000000002
chennai,2020-01-23,59.95,85.4,16.9,17.79,0.87,104.0,25.90416666666667,72.04166666666667,1013.4125,11.791666666666666,28.462500000000002
chennai,2020-01-24,62.34,112.61,24.68,19.6,0.97,123.0,24.120833333333334,78.83333333333333,1012.8916666666668,8.458333333333334,27.054166666666664
chennai,2020-01-25,50.48,95.63,20.2,14.06,0.9,110.0,23.27916666666667,81.79166666666667,1012.7375000000001,7.958333333333333,26.170833333333334
chennai,2020-01-26,41.74,86.84,16.43,10.3,0.9,87.0,23.479166666666668,82.66666666666667,1011.5124999999999,7.958333333333333,26.554166666666664
chennai,2020-01-27,47.26,79.24,18.37,8.09,1.08,78.0,24.479166666666668,79.625,1011.1374999999999,10.733333333333334,27.295833333333334
chennai,2020-01-28,53.66,69.03,17.4,8.18,1.11,85.0,25.708333333333332,77.16666666666667,1011.2666666666668,12.554166666666667,28.645833333333332
chennai,2020-01-29,52.29,65.93,14.74,8.01,1.02,84.0,25.808333333333334,78.375,1012.1,12.120833333333332,29.029166666666665
chennai,2020-01-30,43.82,59.48,14.87,7.71,0.94,87.0,25.329166666666666,79.91666666666667,1011.2041666666668,10.483333333333333,28.65833333333333
chennai,2020-01-31,36.56,53.23,14.02,9.02,1.09,78.0,25.712500000000002,77.375,1010.4666666666667,9.5375,29.099999999999998
chennai,2020-02-01,32.4,50.04,13.12,9.86,0.86,63.0,26.608333333333334,71.29166666666667,1011.1999999999999,10.833333333333334,29.570833333333336
chennai,2020-02-02,30.58,38.29,12.12,15.74,0.77,55.0,26.420833333333334,72.08333333333333,1013.1666666666666,11.666666666666666,29.27916666666667
chennai,2020-02-03,37.52,57.78,13.74,16.44,0.88,63.0,25.97083333333333,73.375,1013.5208333333334,10.262500000000001,28.945833333333336
chennai,2020-02-04,39.6,65.6,10.92,16.41,0.88,74.0,25.958333333333332,75.25,1012.0208333333334,10.045833333333333,29.116666666666664
chennai,2020-02-05,39.93,59.04,13.26,12.91,0.84,94.0,25.854166666666668,71.29166666666667,1012.0124999999999,9.541666666666666,28.650000000000002
chennai,2020-02-06,40.05,56.19,19.32,8.57,0.91,89.0,25.6375,74.91666666666667,1012.0124999999999,10.787500000000001,28.504166666666666
chennai,2020-02-07,36.32,55.83,14.12,8.19,0.78,75.0,26.504166666666666,67.45833333333333,1012.3583333333332,15.895833333333334,28.21666666666667
chennai,2020-02-08,28.45,49.06,10.61,8.97,0.77,64.0,26.474999999999998,68.5,1012.5875,14.470833333333333,28.5
chennai,2020-02-09,28.1,43.78,8.77,13.16,0.8,61.0,26.683333333333334,67.95833333333333,1012.9916666666667,13.970833333333333,28.691666666666666
chennai,2020-02-10,35.41,61.47,10.09,9.11,0.73,58.0,26.787499999999998,62.083333333333336,1013.0875,14.366666666666667,28.245833333333334
chennai,2020-02-11,29.12,67.85,19.96,10.31,0.84,69.0,26.391666666666666,72.29166666666667,1013.35,15.091666666666667,28.724999999999998
chennai,2020-02-12,32.17,78.26,22.0,10.75,0.86,81.0,26.650000000000002,71.91666666666667,1014.3041666666667,14.604166666666666,29.099999999999998
chennai,2020-02-13,49.48,98.17,18.01,17.74,0.93,93.0,26.254166666666666,73.75,1013.5166666666668,10.9,29.34166666666667
chennai,2020-02-14,56.85,102.04,17.3,18.01,1.02,118.0,25.525000000000002,73.83333333333333,1011.3125,8.383333333333333,28.55
chennai,2020-02-15,54.82,84.0,17.74,13.03,0.9,121.0,24.929166666666664,71.20833333333333,1011.2583333333333,7.629166666666666,27.55
chennai,2020-02-16,35.13,53.43,12.71,13.14,0.78,82.0,25.104166666666668,71.375,1012.8458333333333,9.291666666666666,27.675
chennai,2020-02-17,34.25,64.36,13.64,13.37,0.77,72.0,25.320833333333336,67.875,1013.6666666666666,8.375,27.729166666666668
chennai,2020-02-18,41.49,79.79,18.11,9.15,0.96,85.0,25.212500000000002,67.5,1013.1666666666666,9.070833333333333,27.337500000000002
chennai,2020-02-19,42.95,94.21,14.71,15.05,0.77,84.0,25.65833333333333,65.04166666666667,1012.9875000000001,9.604166666666666,27.650000000000002
chennai,2020-02-20,35.52,69.95,14.09,19.39,0.67,77.0,25.912499999999998,61.583333333333336,1012.6958333333333,9.883333333333333,27.6375
chennai,2020-02-21,38.88,125.87,19.91,8.47,0.83,75.0,26.383333333333336,67.5,1013.9125,11.995833333333332,28.670833333333334
chennai,2020-02-22,29.2,51.45,8.63,8.51,0.86,76.0,26.97083333333333,72.83333333333333,1014.6708333333332,15.820833333333333,29.579166666666666
chennai,2020-02-23,28.75,53.6,8.88,18.19,0.72,65.0,26.808333333333334,73.75,1013.9791666666666,13.041666666666666,29.816666666666666
chennai,2020-02-24,31.07,73.54,10.95,11.57,0.97,77.0,26.537499999999998,76.04166666666667,1011.4,10.387500000000001,30.087500000000002
chennai,2020-02-25,33.9,56.99,12.69,11.02,0.9,81.0,27.125,74.95833333333333,1009.9833333333332,12.579166666666667,30.59166666666667
chennai,2020-02-26,39.25,63.4,8.88,7.63,0.58,84.0,27.170833333333334,75.54166666666667,1010.4,10.866666666666667,30.962500000000002
chennai,2020-02-27,42.97,72.05,8.7,8.79,0.67,83.0,27.15416666666667,73.83333333333333,1010.8249999999999,11.129166666666668,30.683333333333334
chennai,2020-02-28,33.08,49.17,11.08,16.07,0.77,75.0,27.045833333333334,72.16666666666667,1010.15,11.808333333333332,30.224999999999998
chennai,2020-02-29,36.15,84.54,14.62,19.12,0.69,72.0,26.849999999999998,72.83333333333333,1010.0541666666667,11.295833333333334,30.087500000000002
chennai,2020-03-01,35.99,43.7,9.2,11.18,0.55,80.0,26.84166666666667,70.66666666666667,1010.2791666666667,11.108333333333334,29.891666666666666
chennai,2020-03-02,43.6,64.94,13.01,18.07,0.66,76.0,26.366666666666664,70.54166666666667,1010.5791666666668,9.75,29.21666666666667
chennai,2020-03-03,42.16,94.26,16.26,17.71,0.64,96.0,26.995833333333334,69.75,1009.8708333333334,9.854166666666666,30.1375
chennai,2020-03-04,33.29,66.83,15.71,6.97,0.7,84.0,26.820833333333336,76.29166666666667,1009.2958333333332,11.450000000000001,30.462500000000002
chennai,2020-03-05,26.69,29.86,14.04,6.12,0.74,77.0,27.208333333333332,75.33333333333333,1008.6416666666668,15.445833333333333,30.21666666666667
chennai,2020-03-06,24.95,25.63,9.72,6.52,0.75,61.0,27.4875,73.95833333333333,1009.375,16.458333333333332,30.316666666666666
chennai,2020-03-07,30.94,27.06,10.66,4.53,0.65,69.0,27.599999999999998,74.375,1010.6958333333333,17.75,30.358333333333334
chennai,2020-03-08,21.85,25.97,6.21,6.52,0.62,57.0,27.25,73.75,1010.4541666666668,13.095833333333333,30.579166666666666
chennai,2020-03-09,25.93,34.85,8.54,5.87,0.71,65.0,26.920833333333334,72.75,1009.3583333333332,10.6875,30.195833333333336
chennai,2020-03-10,27.37,41.72,10.56,5.51,0.55,61.0,27.28333333333333,71.5,1009.6166666666667,12.308333333333332,30.462500000000002
chennai,2020-03-11,16.69,38.14,7.98,8.56,0.63,76.0,26.920833333333334,73.375,1010.0791666666668,13.816666666666668,29.883333333333336
chennai,2020-03-12,24.94,41.38,8.75,5.64,0.74,65.0,27.370833333333334,73.45833333333333,1011.0666666666666,12.916666666666666,30.679166666666664
chennai,2020-03-13,35.65,33.31,16.97,5.6,0.96,72.0,27.53333333333333,72.91666666666667,1011.1750000000001,10.904166666666667,31.220833333333335
chennai,2020-03-14,39.29,46.44,15.67,13.21,0.7,74.0,27.483333333333334,73.5,1010.15,10.15,31.3125
chennai,2020-03-15,38.48,51.07,10.34,14.94,0.55,79.0,27.7,70.91666666666667,1009.9833333333332,10.637500000000001,31.329166666666666
chennai,2020-03-16,33.26,5.29,10.44,19.01,0.86,66.0,28.233333333333334,71.20833333333333,1011.0208333333334,12.225,31.912499999999998
chennai,2020-03-17,41.56,123.82,9.17,7.6,0.86,76.0,27.8125,75.16666666666667,1012.3833333333333,10.1125,32.079166666666666
chennai,2020-03-18,39.41,4.94,8.1,5.75,0.87,92.0,27.691666666666666,77.66666666666667,1011.4625,9.9375,32.18333333333333
chennai,2020-03-19,44.73,6.39,10.09,5.81,0.87,88.0,28.133333333333336,76.58333333333333,1010.1583333333333,13.799999999999999,32.1875
chennai,2020-03-20,32.68,4.82,8.56,5.55,0.91,95.0,27.804166666666664,76.95833333333333,1009.9291666666667,15.004166666666668,31.599999999999998
chennai,2020-03-21,29.1,1.8,8.49,5.84,0.97,80.0,28.09166666666667,75.33333333333333,1009.7791666666667,15.895833333333334,31.6375
chennai,2020-03-22,39.42,1.005,5.39,4.84,0.85,71.0,28.208333333333332,73.83333333333333,1009.6708333333332,14.954166666666666,31.754166666666666
chennai,2020-03-23,31.91,0.21,7.85,5.93,0.94,73.0,28.004166666666666,69.625,1009.7416666666667,12.766666666666666,31.270833333333332
chennai,2020-03-24,24.22,6.07,6.91,5.83,0.61,57.0,27.879166666666666,71.54166666666667,1008.5124999999999,10.245833333333334,31.72083333333333
chennai,2020-03-25,22.43,1.63,4.38,5.04,0.65,58.0,27.7625,72.20833333333333,1008.5041666666666,10.299999999999999,31.558333333333334
chennai,2020-03-26,31.57,4.06,7.22,6.3,0.55,54.0,28.045833333333334,71.91666666666667,1009.125,9.875,32.0875
chennai,2020-03-27,27.6,0.62,4.85,5.09,0.51,59.0,27.854166666666668,71.375,1010.8000000000001,9.554166666666667,31.754166666666666
chennai,2020-03-28,34.81,1.55,4.91,4.41,0.56,55.0,27.333333333333332,72.83333333333333,1009.6374999999999,9.770833333333334,31.016666666666666
chennai,2020-03-29,26.79,111.83,7.21,6.88,0.52,53.0,27.608333333333334,73.54166666666667,1008.6999999999999,11.424999999999999,31.304166666666664
chennai,2020-03-30,29.31,162.67,9.78,5.79,0.52,50.0,27.145833333333332,75.54166666666667,1009.3958333333334,8.887500000000001,31.2625
chennai,2020-03-31,31.56,185.25,8.57,6.26,0.51,60.0,27.504166666666666,76.29166666666667,1009.9166666666666,8.475,31.916666666666668
chennai,2020-04-01,32.94,3.73,10.39,5.54,0.62,75.0,28.02916666666667,76.45833333333333,1009.1999999999999,11.120833333333332,32.375
chennai,2020-04-02,31.17,170.09,8.54,4.94,0.61,74.0,28.495833333333334,77.25,1008.0875,14.345833333333333,32.75
chennai,2020-04-03,24.81,183.34,7.25,5.22,0.59,72.0,28.754166666666666,74.75,1008.7833333333333,15.591666666666667,32.67916666666667
chennai,2020-04-04,20.77,291.75,7.11,4.61,0.58,67.0,28.599999999999998,73.45833333333333,1009.7624999999999,12.816666666666668,32.699999999999996
chennai,2020-04-05,21.59,177.96,7.27,4.96,0.55,66.0,29.337500000000002,75.58333333333333,1010.15,14.758333333333333,33.87083333333333
chennai,2020-04-06,14.27,119.96,9.43,4.12,0.61,57.0,29.425,77.75,1009.8249999999999,15.408333333333333,34.18333333333333
chennai,2020-04-07,11.9,151.3,9.57,4.57,0.59,55.0,29.320833333333336,76.625,1008.5541666666667,16.083333333333332,33.708333333333336
chennai,2020-04-08,14.77,288.68,7.9,4.13,0.57,55.0,29.641666666666666,77.41666666666667,1008.75,15.991666666666667,34.4
chennai,2020-04-09,14.71,180.01,12.74,4.78,0.57,55.0,29.295833333333334,78.0,1009.1958333333333,14.145833333333334,34.079166666666666
chennai,2020-04-10,41.02,176.83282608695652,12.87,7.49,0.56,80.0,28.979166666666668,73.625,1010.0041666666666,13.0625,33.204166666666666
chennai,2020-04-11,15.66,173.65565217391304,11.18,11.31,0.57,60.0,29.004166666666666,73.45833333333333,1011.0708333333333,10.450000000000001,33.733333333333334
chennai,2020-04-12,14.86,170.47847826086957,10.38,7.11,0.65,59.0,28.349999999999998,76.16666666666667,1010.1333333333333,9.941666666666666,33.025
chennai,2020-04-13,17.95,167.3013043478261,12.1,7.13,0.66,64.0,28.170833333333334,77.25,1008.6041666666666,10.895833333333334,32.762499999999996
chennai,2020-04-14,17.87,164.1241304347826,9.58,5.96,0.59,65.0,28.1875,75.125,1008.9333333333334,10.495833333333334,32.56666666666667
chennai,2020-04-15,14.64,160.94695652173914,8.34,6.13,0.59,62.0,28.704166666666666,72.875,1009.9291666666667,11.483333333333334,33.016666666666666
chennai,2020-04-16,20.3,157.76978260869564,8.1,5.2,0.61,65.0,28.90833333333333,76.70833333333333,1008.6458333333334,13.891666666666666,33.44166666666667
chennai,2020-04-17,8.43,154.59260869565216,5.33,5.42,0.58,65.0,29.583333333333332,75.33333333333333,1007.9708333333333,17.275000000000002,33.84166666666667
chennai,2020-04-18,8.94,151.41543478260868,7.29,5.2,0.6,56.0,29.537499999999998,75.33333333333333,1008.3249999999999,16.429166666666667,33.90833333333333
chennai,2020-04-19,8.1,148.2382608695652,5.34,4.49,0.58,59.0,29.683333333333334,75.04166666666667,1008.3000000000001,15.025,34.3375
chennai,2020-04-20,9.71,145.0610869565217,4.08,5.2,0.55,59.0,29.608333333333334,74.70833333333333,1008.2333333333332,13.225,34.4125
chennai,2020-04-21,10.67,141.88391304347826,4.48,4.84,0.64,61.0,29.445833333333336,74.125,1008.1791666666667,13.504166666666668,34.012499999999996
chennai,2020-04-22,12.65,138.70673913043478,8.04,4.83,0.58,60.0,29.570833333333336,76.66666666666667,1007.65,16.8625,34.016666666666666
chennai,2020-04-23,8.06,135.5295652173913,11.64,4.69,0.59,56.0,29.787499999999998,76.0,1007.2708333333334,16.825,34.362500000000004
chennai,2020-04-24,8.08,132.3523913043478,10.61,4.44,0.66,58.0,30.099999999999998,75.5,1006.7458333333334,19.287499999999998,34.37083333333333
chennai,2020-04-25,10.46,129.17521739130433,11.07,4.79,0.68,67.0,30.604166666666668,76.33333333333333,1006.3541666666666,18.883333333333333,35.420833333333334
chennai,2020-04-26,10.76,125.99804347826088,12.01,6.89,0.78,66.0,29.954166666666666,76.33333333333333,1007.5625,18.504166666666666,34.295833333333334
chennai,2020-04-27,10.46,122.82086956521738,6.92,4.29,0.75,60.0,30.075,75.91666666666667,1008.4083333333333,15.954166666666666,34.829166666666666
chennai,2020-04-28,6.55,119.6436956521739,5.65,4.57,0.7,68.0,29.983333333333334,75.08333333333333,1007.9875000000001,13.6,34.94166666666667
chennai,2020-04-29,11.11,116.46652173913044,6.85,4.4,0.68,69.0,29.758333333333336,73.58333333333333,1007.7291666666666,10.095833333333333,34.699999999999996
chennai,2020-04-30,10.39,113.28934782608697,11.18,4.74,0.67,70.0,29.90416666666667,77.66666666666667,1008.025,13.454166666666666,35.233333333333334
chennai,2020-05-01,14.13,110.11217391304348,5.39,4.43,0.73,71.0,30.316666666666666,76.16666666666667,1007.4333333333334,13.883333333333333,35.69583333333333
chennai,2020-05-02,13.08,106.935,4.25,3.96,0.7,70.0,30.383333333333336,78.08333333333333,1006.1833333333334,14.404166666666667,35.94166666666667
chennai,2020-05-03,11.67,103.75782608695653,3.73,4.47,0.75,71.0,30.270833333333332,77.54166666666667,1006.1208333333334,15.137500000000001,35.612500000000004
chennai,2020-05-04,7.03,100.58065217391304,4.1,4.61,0.7,66.0,29.891666666666666,75.83333333333333,1007.1583333333333,15.612499999999999,34.637499999999996
chennai,2020-05-05,19.68,97.40347826086956,4.13,3.61,0.75,81.0,30.129166666666666,76.54166666666667,1006.9,16.220833333333335,35.079166666666666
chennai,2020-05-06,10.11,94.22630434782609,5.59,6.99,0.69,78.0,30.224999999999998,74.45833333333333,1006.6125000000001,16.433333333333334,34.9
chennai,2020-05-07,11.23,91.0491304347826,5.48,3.98,0.76,73.0,30.320833333333336,77.375,1006.7875,15.454166666666666,35.612500000000004
chennai,2020-05-08,11.72,87.87195652173914,5.17,4.85,0.72,76.0,30.441666666666666,76.0,1006.8333333333334,14.770833333333334,35.675000000000004
chennai,2020-05-09,9.99,84.69478260869565,4.57,3.53,0.69,65.0,30.445833333333336,75.41666666666667,1006.9250000000001,13.333333333333334,35.925000000000004
chennai,2020-05-10,9.64,81.51760869565217,5.09,3.92,0.72,69.0,30.195833333333336,76.25,1006.7333333333332,11.637500000000001,35.824999999999996
chennai,2020-05-11,8.36,78.3404347826087,5.29,4.54,0.71,66.0,30.275000000000002,75.0,1007.2208333333333,10.679166666666667,35.895833333333336
chennai,2020-05-12,8.82,75.16326086956522,5.42,4.63,0.72,68.0,29.333333333333332,80.25,1006.8791666666666,8.891666666666667,35.11666666666667
chennai,2020-05-13,15.57,71.98608695652175,5.26,4.34,0.66,69.0,29.958333333333332,76.0,1005.8833333333333,9.720833333333333,35.61666666666667
chennai,2020-05-14,8.72,68.80891304347826,7.32,4.55,0.7,77.0,30.166666666666668,74.95833333333333,1005.1708333333332,9.029166666666667,35.92916666666667
chennai,2020-05-15,20.25,65.63173913043478,10.11,4.12,0.83,70.0,30.375,74.70833333333333,1003.7166666666667,12.416666666666666,35.67916666666667
chennai,2020-05-16,28.71,62.454565217391306,5.45,4.68,0.84,82.0,30.933333333333334,72.33333333333333,1002.9416666666666,12.954166666666666,36.09583333333333
chennai,2020-05-17,10.99,59.27739130434783,8.16,4.13,0.7,68.0,30.741666666666664,73.58333333333333,1001.4291666666667,11.608333333333334,35.9625
chennai,2020-05-18,18.49,56.10021739130436,8.74,4.49,1.06,76.0,32.06666666666667,65.08333333333333,998.9666666666667,11.525,36.74166666666667
chennai,2020-05-19,28.06,52.92304347826087,15.18,5.0,0.93,82.0,34.074999999999996,54.083333333333336,997.4666666666667,16.004166666666666,36.99166666666667
chennai,2020-05-20,30.39,49.74586956521739,14.36,3.87,1.01,90.0,34.083333333333336,53.5,999.0375,18.404166666666665,36.92916666666667
chennai,2020-05-21,27.01,46.56869565217392,12.19,5.66,1.01,92.0,32.920833333333334,58.208333333333336,1001.4583333333334,17.758333333333333,36.32083333333333
chennai,2020-05-22,23.02,43.39152173913044,11.32,6.39,0.95,102.0,32.329166666666666,65.875,1002.6166666666667,15.5875,36.920833333333334
chennai,2020-05-23,21.24,40.21434782608696,10.08,7.14,0.84,77.0,31.30416666666667,74.70833333333333,1003.3625000000001,17.05,36.65833333333333
chennai,2020-05-24,22.78,37.03717391304349,9.37,6.79,1.12,81.0,30.925,78.45833333333333,1004.5416666666666,17.349999999999998,36.520833333333336
chennai,2020-05-25,25.2,33.86,9.59,6.77,1.01,79.0,30.741666666666664,77.0,1005.9041666666667,16.0625,36.2125
chennai,2020-05-26,27.82,311.98,8.96,6.44,1.0,79.0,30.741666666666664,77.375,1005.7291666666666,17.279166666666665,36.020833333333336
chennai,2020-05-27,20.0,234.46,9.65,7.23,1.07,77.0,31.183333333333334,77.04166666666667,1004.85,18.45,36.52916666666667
chennai,2020-05-28,31.03,207.7975,10.58,6.1,1.12,79.0,31.733333333333334,74.95833333333333,1003.2958333333332,18.754166666666666,37.11666666666667
chennai,2020-05-29,38.3,181.135,13.54,6.54,1.11,112.0,31.72083333333333,68.08333333333333,1003.475,17.349999999999998,36.24583333333333
chennai,2020-05-30,33.99,154.4725,9.69,5.44,0.94,105.0,30.995833333333334,75.08333333333333,1004.8000000000001,17.366666666666667,35.92916666666667
chennai,2020-05-31,18.85,127.81,7.97,4.8,1.02,88.0,30.833333333333332,73.91666666666667,1005.8375,20.425,35.204166666666666
chennai,2020-06-01,36.15,346.73,10.07,7.27,1.16,101.0,31.09166666666667,73.20833333333333,1006.2416666666667,16.508333333333333,36.0
chennai,2020-06-02,18.83,25.52,9.24,6.57,1.07,95.0,30.90416666666667,70.875,1005.7083333333334,13.791666666666666,35.75
chennai,2020-06-03,20.61,13.84,9.41,4.04,1.01,76.0,31.25,63.875,1004.7291666666666,17.795833333333334,34.666666666666664
chennai,2020-06-04,18.5,76.53,8.64,4.05,1.05,99.0,31.59166666666667,65.95833333333333,1004.7083333333334,17.104166666666668,35.65416666666667
chennai,2020-06-05,18.53,27.33,9.51,5.31,1.09,81.0,31.900000000000002,64.08333333333333,1004.7083333333334,14.65,36.09166666666667
chennai,2020-06-06,40.73,42.38,10.97,5.12,1.17,92.0,31.329166666666666,64.75,1004.1291666666666,15.083333333333334,35.229166666666664
chennai,2020-06-07,20.52,142.52,12.19,5.35,1.17,128.0,31.916666666666668,58.916666666666664,1003.3000000000001,16.629166666666666,34.84166666666667
chennai,2020-06-08,23.04,72.71,12.62,6.34,1.16,85.0,31.97083333333333,57.541666666666664,1002.9083333333333,14.145833333333334,35.233333333333334
chennai,2020-06-09,22.43,32.25,16.08,5.45,0.96,87.0,31.4375,65.45833333333333,1002.2333333333332,13.208333333333334,35.5
chennai,2020-06-10,30.42,36.47,13.97,6.85,0.83,80.0,30.787499999999998,64.33333333333333,1001.6166666666667,11.487499999999999,34.666666666666664
chennai,2020-06-11,26.37,40.69,11.45,5.45,1.21,106.0,30.041666666666668,64.875,1000.9208333333332,13.5375,33.141666666666666
chennai,2020-06-12,104.45,25.05,13.24,6.83,1.2,169.0,31.441666666666666,55.875,1000.3333333333334,17.129166666666666,33.47083333333333
chennai,2020-06-13,20.76,35.25,11.16,5.77,1.01,112.0,31.21666666666667,59.416666666666664,1000.9583333333334,17.508333333333333,33.96666666666667
chennai,2020-06-14,20.17,56.04,14.53,4.18,1.03,80.0,31.633333333333336,63.875,1002.0041666666666,14.154166666666667,35.766666666666666
chennai,2020-06-15,19.34,43.22,11.06,6.57,1.17,79.0,32.4375,57.5,1001.9666666666667,16.091666666666665,35.612500000000004
chennai,2020-06-16,24.1,42.54,12.26,4.44,1.18,86.0,31.8625,64.79166666666667,1001.2958333333332,16.962500000000002,35.8125
chennai,2020-06-17,32.37,43.27,15.03,7.76,1.08,96.0,31.729166666666668,64.375,1002.0375,14.2875,35.94583333333333
chennai,2020-06-18,23.89,41.27,17.22,9.99,1.21,112.0,32.03333333333333,60.875,1003.4958333333334,12.945833333333333,35.858333333333334
chennai,2020-06-19,29.8,48.4,15.56,6.45,1.05,109.0,31.854166666666668,59.875,1003.7708333333334,13.012500000000001,35.6625
chennai,2020-06-20,89.92,50.56,14.48,5.5,1.12,152.0,31.508333333333336,62.541666666666664,1003.6416666666668,12.225000000000001,35.516666666666666
chennai,2020-06-21,26.53,55.74,13.11,5.53,1.08,140.0,30.974999999999998,65.45833333333333,1002.9,9.458333333333334,35.333333333333336
chennai,2020-06-22,23.55,35.3,8.94,6.66,1.12,106.0,30.416666666666668,69.29166666666667,1001.6208333333334,12.145833333333334,34.86666666666667
chennai,2020-06-23,18.95,24.27,11.11,8.1,1.13,109.0,29.162499999999998,76.58333333333333,1003.6333333333333,11.079166666666666,34.18333333333333
chennai,2020-06-24,28.83,31.28,9.57,6.32,1.07,102.0,28.8875,78.5,1003.9333333333334,10.029166666666667,34.3375
chennai,2020-06-25,23.13,35.95,10.74,7.92,1.1,108.0,28.370833333333334,80.0,1003.2416666666667,10.304166666666667,33.6
chennai,2020-06-26,23.75,38.41,7.94,5.55,1.14,95.0,28.633333333333336,80.41666666666667,1002.8208333333333,12.920833333333334,33.63333333333333
chennai,2020-06-27,26.42,39.3,12.96,7.29,1.1,95.0,29.766666666666666,79.41666666666667,1002.6791666666667,11.204166666666666,35.666666666666664
chennai,2020-06-28,25.93,45.54,10.0,6.48,0.76,98.0,29.491666666666664,80.0,1002.5958333333333,9.745833333333334,35.449999999999996
chennai,2020-06-29,21.3,22.21,9.69,6.62,0.96,104.0,28.97083333333333,81.29166666666667,1002.0500000000001,9.966666666666667,34.74166666666667
chennai,2020-06-30,24.14,30.66,12.38,7.5,1.05,110.0,28.3625,82.875,1002.1166666666667,7.808333333333334,34.3125
chennai,2020-07-01,15.95,4.85,10.72,9.23,1.02,92.0,28.96666666666667,82.79166666666667,1002.6750000000001,8.25,35.0375
delhi,2020-01-01,372.14,483.87,64.18,18.49,3.15,492.0,10.020833333333334,78.91666666666667,995.3458333333333,8.104166666666666,7.916666666666667
delhi,2020-01-02,327.04,439.31,64.8,19.95,3.32,485.0,12.941666666666668,78.54166666666667,995.2375000000001,8.579166666666667,11.470833333333333
delhi,2020-01-03,228.9,337.04,55.65,14.93,2.8,426.0,14.008333333333333,78.16666666666667,993.3291666666668,6.483333333333333,13.091666666666667
delhi,2020-01-04,220.6,327.22,57.67,12.85,2.2,366.0,13.4375,81.79166666666667,992.1125000000001,5.429166666666667,12.704166666666666
delhi,2020-01-05,170.21,257.94,48.25,9.59,1.23,354.0,13.291666666666666,73.91666666666667,992.5625,9.075000000000001,11.545833333333334
delhi,2020-01-06,159.64,247.47,51.19,11.34,1.27,335.0,13.475,76.45833333333333,993.5166666666668,6.670833333333333,12.291666666666666
delhi,2020-01-07,120.31,176.22,44.9,12.74,1.18,285.0,13.970833333333333,83.25,991.0166666666668,9.845833333333333,12.879166666666668
delhi,2020-01-08,117.98,145.85,38.64,8.67,1.13,281.0,12.85,91.70833333333333,988.9291666666667,9.241666666666667,11.979166666666666
delhi,2020-01-09,89.26,132.06,32.3,7.28,0.89,231.0,10.512500000000001,78.0,993.7125,11.975,7.904166666666666
delhi,2020-01-10,130.82,203.54,45.12,9.44,1.3,255.0,10.054166666666667,77.54166666666667,994.1458333333334,11.683333333333332,7.383333333333333
delhi,2020-01-11,151.1,245.62,53.28,11.65,1.54,309.0,10.329166666666667,77.04166666666667,993.6916666666666,9.3375,8.049999999999999
delhi,2020-01-12,207.23,325.36,59.91,12.35,2.26,352.0,11.808333333333332,77.95833333333333,990.8874999999999,8.445833333333333,10.0
delhi,2020-01-13,218.98,329.77,55.04,11.59,2.11,381.0,14.591666666666667,82.625,986.375,10.470833333333333,13.620833333333332
delhi,2020-01-14,115.62,163.67,38.08,9.24,1.16,314.0,13.9625,86.41666666666667,989.8000000000001,8.6,13.200000000000001
delhi,2020-01-15,111.57,179.08,47.45,10.68,1.17,241.0,12.429166666666667,82.91666666666667,990.8541666666666,8.604166666666666,11.070833333333333
delhi,2020-01-16,139.06,197.9,44.21,10.44,1.11,286.0,12.424999999999999,89.58333333333333,989.7916666666666,7.691666666666666,11.554166666666667
delhi,2020-01-17,107.65,152.98,36.19,9.69,1.14,287.0,13.045833333333334,88.125,990.7958333333332,7.591666666666666,12.254166666666668
delhi,2020-01-18,125.3,198.24,43.78,9.65,1.32,262.0,12.508333333333333,88.95833333333333,992.6999999999999,6.333333333333333,11.754166666666668
delhi,2020-01-19,125.04,187.93,34.18,8.69,0.96,290.0,11.729166666666666,82.45833333333333,993.35,9.308333333333332,10.020833333333334
delhi,2020-01-20,142.18,225.67,38.21,9.65,1.39,282.0,12.137500000000001,83.75,992.3125,8.241666666666667,10.758333333333333
delhi,2020-01-21,222.81,348.45,48.18,12.24,1.93,359.0,12.858333333333334,85.58333333333333,993.0291666666667,5.8,12.120833333333332
delhi,2020-01-22,198.88,296.98,44.3,10.95,1.9,378.0,12.508333333333333,81.79166666666667,994.775,10.116666666666667,10.879166666666668
delhi,2020-01-23,74.45,137.61,35.26,8.71,0.79,273.0,12.454166666666666,66.41666666666667,993.5041666666666,17.954166666666666,8.9
delhi,2020-01-24,79.83,151.81,44.0,10.73,0.99,155.0,12.816666666666668,60.0,990.9250000000001,17.741666666666667,9.0875
delhi,2020-01-25,136.72,240.57,56.31,12.36,1.48,251.0,11.791666666666666,74.125,991.1083333333332,7.704166666666667,9.979166666666666
delhi,2020-01-26,201.2,309.09,50.94,12.81,2.09,349.0,13.5625,79.5,989.3916666666668,6.983333333333333,12.533333333333333
delhi,2020-01-27,209.97,330.91,67.09,14.72,2.19,365.0,14.016666666666666,76.5,986.8666666666667,8.1875,12.745833333333332
delhi,2020-01-28,104.45,149.12,42.01,11.12,1.26,302.0,14.220833333333333,83.45833333333333,985.3333333333334,13.1875,12.75
delhi,2020-01-29,77.95,134.17,42.24,9.85,1.24,218.0,13.2875,81.91666666666667,991.0749999999999,6.5874999999999995,12.366666666666667
delhi,2020-01-30,91.56,168.43,45.04,10.06,1.08,195.0,12.5625,76.5,992.2624999999999,11.170833333333334,10.545833333333333
delhi,2020-01-31,92.04,170.33,47.35,9.9,1.1,203.0,12.125,74.41666666666667,990.1708333333332,9.241666666666667,10.183333333333334
delhi,2020-02-01,112.13,201.19,44.25,10.02,1.26,244.0,12.325000000000001,74.04166666666667,992.7083333333334,7.708333333333333,10.591666666666667
delhi,2020-02-02,120.86,200.9,45.28,10.32,1.2,254.0,11.704166666666666,76.16666666666667,994.25,10.108333333333333,9.625
delhi,2020-02-03,138.5,243.43,53.71,11.4,1.51,297.0,12.016666666666666,74.29166666666667,993.0583333333334,8.266666666666667,10.145833333333334
delhi,2020-02-04,188.42,340.56,64.8,15.26,2.21,336.0,13.033333333333333,74.20833333333333,991.3291666666668,8.079166666666667,11.491666666666667
delhi,2020-02-05,150.08,255.41,53.35,13.31,1.3,344.0,12.841666666666667,74.20833333333333,991.6625,10.270833333333334,10.9
delhi,2020-02-06,118.57,205.43,51.82,12.08,1.18,277.0,11.670833333333334,74.70833333333333,991.0749999999999,8.200000000000001,9.795833333333333
delhi,2020-02-07,150.15,253.82,58.46,14.21,1.51,307.0,12.737499999999999,70.83333333333333,993.375,6.695833333333333,11.120833333333332
delhi,2020-02-08,149.67,238.17,47.55,14.39,1.16,315.0,12.366666666666667,75.04166666666667,995.2791666666667,8.529166666666667,10.645833333333334
delhi,2020-02-09,151.43,247.62,50.75,14.64,1.29,310.0,12.766666666666666,75.20833333333333,995.725,7.995833333333334,11.204166666666666
delhi,2020-02-10,174.4,292.44,56.48,14.83,1.61,328.0,13.191666666666668,73.04166666666667,993.8416666666667,9.133333333333333,11.487499999999999
delhi,2020-02-11,176.57,306.12,60.12,14.37,1.89,347.0,13.495833333333332,72.45833333333333,993.9208333333332,8.583333333333334,11.841666666666667
delhi,2020-02-12,172.12,295.05,55.96,16.24,1.29,343.0,15.895833333333334,68.375,993.2791666666667,13.245833333333332,13.945833333333333
delhi,2020-02-13,95.72,179.78,41.59,16.49,0.95,279.0,19.241666666666667,57.291666666666664,990.65,18.845833333333335,16.666666666666668
delhi,2020-02-14,73.84,172.28,34.6,13.53,0.82,186.0,18.516666666666666,51.375,987.9166666666666,21.629166666666666,14.908333333333333
delhi,2020-02-15,83.07,174.78,44.57,17.59,0.91,174.0,17.495833333333334,46.75,988.0041666666666,16.412499999999998,14.174999999999999
delhi,2020-02-16,132.63,237.81,57.15,19.61,1.38,254.0,17.141666666666666,59.833333333333336,990.9125,10.229166666666666,15.504166666666668
delhi,2020-02-17,158.69,282.84,61.17,18.85,1.61,323.0,17.48333333333333,55.75,992.0583333333334,10.770833333333334,15.379166666666668
delhi,2020-02-18,125.53,238.91,59.91,23.01,1.39,292.0,16.983333333333334,48.041666666666664,989.2958333333332,13.4125,14.029166666666667
delhi,2020-02-19,138.46,286.39,59.9,20.13,2.0,300.0,18.2,54.416666666666664,988.0791666666668,14.866666666666667,15.720833333333333
delhi,2020-02-20,98.84,223.69,44.05,14.91,0.99,253.0,20.029166666666665,61.875,987.6541666666667,20.087500000000002,17.875
delhi,2020-02-21,53.11,85.49,33.27,10.45,0.83,170.0,16.241666666666667,83.45833333333333,991.525,18.241666666666667,14.654166666666667
delhi,2020-02-22,63.62,123.44,41.23,13.38,1.2,104.0,17.829166666666666,79.16666666666667,995.0666666666666,8.804166666666667,17.858333333333334
delhi,2020-02-23,105.71,182.2,42.24,14.3,1.26,221.0,17.520833333333332,82.29166666666667,993.1125000000001,7.233333333333333,17.966666666666665
delhi,2020-02-24,70.59,145.05,44.2,15.94,1.02,169.0,17.625,78.375,989.6875,7.95,17.670833333333334
delhi,2020-02-25,127.75,224.02,46.76,18.24,1.22,244.0,18.016666666666666,74.58333333333333,988.5749999999999,9.245833333333334,17.7375
delhi,2020-02-26,141.81,258.62,50.67,17.61,1.54,303.0,18.55,73.625,989.2083333333334,6.645833333333333,18.779166666666665
delhi,2020-02-27,107.28,203.77,46.15,14.7,1.23,270.0,19.116666666666667,76.29166666666667,989.6583333333333,8.091666666666667,19.5
delhi,2020-02-28,83.48,161.36,33.92,11.55,0.97,214.0,20.2625,73.5,988.3125,15.841666666666667,19.704166666666666
delhi,2020-02-29,60.01,115.82,33.98,12.05,0.83,144.0,18.691666666666666,82.125,987.75,14.775,18.420833333333334
delhi,2020-03-01,42.83,91.88,40.73,12.19,0.97,105.0,19.133333333333333,80.125,988.4375,8.5875,19.754166666666666
delhi,2020-03-02,99.34,203.51,50.23,15.81,1.58,192.0,19.666666666666668,78.25,987.9041666666667,6.2375,20.745833333333334
delhi,2020-03-03,86.26,188.73,46.6,15.48,1.22,226.0,19.599999999999998,69.91666666666667,986.3541666666666,7.791666666666667,19.6375
delhi,2020-03-04,82.9,193.79,45.62,16.22,1.1,200.0,19.166666666666668,72.375,985.5166666666668,8.641666666666667,19.2
delhi,2020-03-05,31.43,67.5,32.97,11.32,0.81,112.0,18.183333333333334,79.20833333333333,985.2041666666668,13.933333333333335,17.704166666666666
delhi,2020-03-06,21.32,38.5,33.71,10.42,0.87,82.0,16.354166666666668,85.95833333333333,984.4083333333333,18.224999999999998,14.966666666666667
delhi,2020-03-07,40.96,85.45,35.53,11.84,0.82,77.0,15.883333333333333,84.5,988.6708333333332,10.6625,15.2875
delhi,2020-03-08,72.1,140.22,37.14,12.61,1.11,156.0,16.466666666666665,78.79166666666667,990.6833333333334,7.241666666666667,16.354166666666668
delhi,2020-03-09,58.04,133.75,32.29,13.33,0.75,138.0,17.004166666666666,67.125,988.0875,14.041666666666666,15.291666666666666
delhi,2020-03-10,84.35,160.91,30.22,17.21,0.84,186.0,17.104166666666668,67.625,986.6958333333333,6.3999999999999995,16.658333333333335
delhi,2020-03-11,55.19,112.57,29.76,13.82,0.76,128.0,18.704166666666666,73.79166666666667,984.5916666666667,14.283333333333333,17.904166666666665
delhi,2020-03-12,56.92,155.18,36.74,13.68,0.94,125.0,19.608333333333334,66.70833333333333,986.7041666666668,13.241666666666667,18.691666666666666
delhi,2020-03-13,68.72,209.02,40.53,15.42,0.87,170.0,18.720833333333335,64.5,988.4375,8.354166666666666,18.220833333333335
delhi,2020-03-14,39.41,85.26,34.59,11.59,0.76,131.0,16.3625,82.08333333333333,990.1291666666666,10.154166666666667,15.908333333333333
delhi,2020-03-15,60.99,124.24,41.09,13.92,0.9,124.0,16.3,77.79166666666667,991.6666666666666,5.529166666666666,16.291666666666668
delhi,2020-03-16,61.61,144.37,41.52,14.8,0.89,148.0,17.9875,74.5,991.2458333333334,9.6,17.804166666666667
delhi,2020-03-17,69.7,160.15,43.5,15.06,1.0,164.0,18.920833333333334,71.20833333333333,991.1875,10.674999999999999,18.616666666666667
delhi,2020-03-18,68.93,162.56,45.86,14.93,1.07,162.0,20.441666666666666,67.20833333333333,989.5124999999999,11.008333333333333,20.337500000000002
delhi,2020-03-19,90.62,195.15,45.67,17.66,1.14,191.0,20.775000000000002,71.29166666666667,986.5666666666666,7.691666666666666,21.599999999999998
delhi,2020-03-20,90.31,200.79,51.26,19.71,1.24,209.0,21.166666666666668,68.75,985.4083333333333,8.1,21.758333333333336
delhi,2020-03-21,82.39,184.81,46.04,18.55,1.18,205.0,21.650000000000002,70.20833333333333,985.7458333333334,5.316666666666666,23.016666666666666
delhi,2020-03-22,78.61,134.46,29.85,16.63,0.92,198.0,21.979166666666668,68.20833333333333,987.5,8.049999999999999,22.820833333333336
delhi,2020-03-23,54.26,100.55,25.96,15.17,0.78,127.0,22.495833333333334,61.0,987.3166666666666,5.575,23.320833333333336
delhi,2020-03-24,55.85,103.62,27.07,15.81,0.81,124.0,23.650000000000002,63.791666666666664,985.7791666666667,7.425,24.704166666666666
delhi,2020-03-25,37.87,68.03,21.11,11.49,0.68,92.0,23.787499999999998,62.583333333333336,986.5833333333334,10.075000000000001,24.425
delhi,2020-03-26,45.69,75.81,16.58,12.82,0.58,93.0,23.4875,61.25,987.4166666666666,12.716666666666667,23.4375
delhi,2020-03-27,26.89,45.48,15.32,11.04,0.53,76.0,21.354166666666668,73.66666666666667,989.1333333333333,10.7125,21.979166666666668
delhi,2020-03-28,21.23,34.15,17.52,10.28,0.54,51.0,21.258333333333333,68.5,989.5,10.454166666666667,21.587500000000002
delhi,2020-03-29,27.59,55.75,16.6,10.39,0.52,64.0,21.900000000000002,58.666666666666664,987.6875,14.458333333333334,20.900000000000002
delhi,2020-03-30,35.08,64.66,17.52,12.47,0.58,74.0,21.879166666666666,55.0,987.6791666666667,12.104166666666666,20.954166666666666
delhi,2020-03-31,35.31,67.01,18.03,12.33,0.56,81.0,22.71666666666667,56.541666666666664,986.3249999999999,11.408333333333333,22.287499999999998
delhi,2020-04-01,32.88,65.84,19.17,13.0,0.62,80.0,23.866666666666664,56.208333333333336,985.525,7.4375,24.441666666666666
delhi,2020-04-02,28.51,61.06,17.18,10.84,0.6,78.0,23.254166666666666,52.916666666666664,985.8916666666668,14.758333333333333,22.083333333333332
delhi,2020-04-03,31.36,62.69,20.07,11.99,0.61,84.0,22.3625,44.416666666666664,987.2791666666667,12.012500000000001,20.6875
delhi,2020-04-04,40.79,77.64,22.38,12.59,0.68,90.0,23.183333333333334,47.958333333333336,987.1875,11.766666666666666,21.958333333333332
delhi,2020-04-05,51.79,96.88,24.42,16.03,0.81,103.0,23.995833333333334,52.875,987.8249999999999,8.987499999999999,23.90833333333333
delhi,2020-04-06,59.91,114.88,24.37,15.59,0.81,134.0,26.179166666666664,45.833333333333336,986.5875,10.033333333333333,25.820833333333336
delhi,2020-04-07,33.12,94.02,19.27,13.46,0.6,100.0,24.954166666666666,46.041666666666664,984.7666666666668,13.691666666666668,23.883333333333336
delhi,2020-04-08,29.7,79.04,18.56,12.85,0.56,91.0,24.866666666666664,46.291666666666664,985.3249999999999,11.875,24.004166666666666
delhi,2020-04-09,36.13,76.32,21.37,14.2,0.66,89.0,24.383333333333336,46.458333333333336,985.9499999999999,10.595833333333333,23.583333333333332
delhi,2020-04-10,57.67,112.93,27.12,16.32,0.81,111.0,25.71666666666667,46.541666666666664,986.7083333333334,8.366666666666665,25.59583333333333
delhi,2020-04-11,53.03,118.1,23.64,18.38,0.83,126.0,27.683333333333334,41.875,987.7791666666667,8.133333333333333,27.77916666666667
delhi,2020-04-12,38.57,92.7,17.59,15.7,0.67,102.0,27.974999999999998,42.041666666666664,985.625,11.333333333333334,27.666666666666668
delhi,2020-04-13,60.6,136.77,23.4,19.86,0.83,119.0,29.304166666666664,41.083333333333336,983.5916666666667,10.904166666666667,29.183333333333334
delhi,2020-04-14,58.22,144.7,25.71,17.38,0.93,134.0,30.087500000000002,41.0,983.9583333333334,8.716666666666667,30.595833333333335
delhi,2020-04-15,58.31,190.98,24.55,14.89,0.93,152.0,30.420833333333334,37.541666666666664,983.5625,10.208333333333334,30.245833333333334
delhi,2020-04-16,69.8,191.17,25.01,19.42,0.94,172.0,30.333333333333332,36.041666666666664,982.2791666666667,10.2,29.84166666666667
delhi,2020-04-17,26.93,89.58,15.83,14.08,0.64,123.0,29.625,33.708333333333336,982.1083333333332,12.75,28.470833333333335
delhi,2020-04-18,29.09,102.53,15.45,12.63,0.68,102.0,29.05,38.0,983.3166666666666,13.841666666666667,28.145833333333332
delhi,2020-04-19,35.49,73.86,19.72,13.17,0.71,95.0,27.854166666666668,43.041666666666664,983.3125,9.783333333333333,27.741666666666664
delhi,2020-04-20,52.86,113.25,24.56,15.06,1.02,115.0,26.84583333333333,44.958333333333336,984.1083333333332,7.625,26.866666666666664
delhi,2020-04-21,37.17,87.27,19.64,15.36,0.82,102.0,26.087500000000002,51.458333333333336,984.4291666666667,8.395833333333334,26.599999999999998
delhi,2020-04-22,58.25,130.99,24.79,17.34,0.86,122.0,27.53333333333333,41.416666666666664,983.0458333333332,7.791666666666667,27.40833333333333
delhi,2020-04-23,54.71,127.82,24.83,17.39,0.91,129.0,28.920833333333334,37.666666666666664,982.3791666666666,10.112499999999999,28.429166666666664
delhi,2020-04-24,65.91,138.46,25.62,18.62,0.99,143.0,28.916666666666668,41.166666666666664,980.85,6.9624999999999995,29.25
delhi,2020-04-25,33.09,85.83,18.68,12.76,0.75,121.0,28.462500000000002,42.791666666666664,981.525,8.137500000000001,28.8625
delhi,2020-04-26,40.24,117.1,17.45,16.21,0.77,119.0,26.879166666666666,58.208333333333336,984.0,14.5,27.662499999999998
delhi,2020-04-27,27.18,53.02,14.8,15.59,0.76,98.0,25.391666666666666,68.70833333333333,986.8208333333333,16.3875,26.537499999999998
delhi,2020-04-28,41.75,80.36,17.35,17.6,0.86,105.0,26.420833333333334,63.666666666666664,986.7624999999999,8.975,28.474999999999998
delhi,2020-04-29,55.18,114.91,20.11,19.08,0.91,123.0,28.629166666666666,54.75,984.25,7.1625000000000005,30.620833333333334
delhi,2020-04-30,49.96,115.63,17.61,17.42,0.84,128.0,29.4375,50.958333333333336,983.9499999999999,10.825000000000001,30.825
delhi,2020-05-01,61.04,143.11,18.46,17.52,0.89,140.0,30.554166666666664,53.708333333333336,982.1958333333333,10.645833333333334,32.42916666666667
delhi,2020-05-02,34.67,107.36,14.36,13.0,0.76,127.0,29.337500000000002,56.666666666666664,981.5916666666667,18.4375,30.366666666666664
delhi,2020-05-03,32.56,83.02,15.14,11.94,0.68,110.0,27.675,64.45833333333333,982.4499999999999,13.666666666666666,29.6125
delhi,2020-05-04,26.63,60.59,16.95,11.92,0.72,92.0,27.1875,66.25,983.8666666666667,6.9624999999999995,30.108333333333334
delhi,2020-05-05,56.24,115.91,21.36,16.4,0.87,117.0,28.787499999999998,49.625,983.0541666666667,7.7250000000000005,30.045833333333334
delhi,2020-05-06,58.44,169.61,21.88,15.78,0.89,139.0,28.587500000000002,45.375,982.1083333333332,7.545833333333333,29.295833333333334
delhi,2020-05-07,36.02,88.35,17.97,13.6,0.73,140.0,28.625,44.166666666666664,982.8166666666666,10.245833333333334,28.8625
delhi,2020-05-08,51.09,120.82,21.66,13.82,0.83,138.0,30.662499999999998,39.75,981.2166666666667,9.387500000000001,31.037499999999998
delhi,2020-05-09,54.18,126.9,17.65,13.33,0.85,142.0,31.6125,40.791666666666664,981.7875,9.916666666666666,32.38333333333333
delhi,2020-05-10,44.3,110.39,16.46,12.02,0.74,127.0,29.645833333333332,54.291666666666664,982.8291666666668,13.204166666666666,31.2375
delhi,2020-05-11,43.26,93.49,19.53,12.66,0.76,113.0,29.162499999999998,56.75,984.125,11.158333333333333,31.025000000000002
delhi,2020-05-12,43.19,94.4,18.49,13.84,0.75,122.0,29.40416666666667,54.666666666666664,983.4333333333334,10.033333333333333,31.425
delhi,2020-05-13,68.8,159.2,21.34,15.41,0.9,132.0,29.724999999999998,55.416666666666664,982.2333333333332,7.695833333333333,32.295833333333334
delhi,2020-05-14,56.17,126.53,25.12,12.92,0.89,154.0,30.520833333333332,53.208333333333336,981.6374999999999,7.320833333333333,33.09166666666667
delhi,2020-05-15,47.44,101.93,23.45,13.71,0.84,125.0,31.425,40.541666666666664,980.9499999999999,12.216666666666667,31.704166666666666
delhi,2020-05-16,81.87,151.8,26.17,16.19,0.99,175.0,31.516666666666666,32.583333333333336,980.2375000000001,12.395833333333334,30.65416666666667
delhi,2020-05-17,98.63,187.24,31.96,20.19,1.06,202.0,31.775000000000002,31.541666666666668,978.85,8.833333333333334,31.258333333333336
delhi,2020-05-18,101.02,192.68,34.76,22.11,1.12,222.0,31.370833333333334,30.458333333333332,977.9833333333332,10.1875,30.354166666666668
delhi,2020-05-19,106.63,208.65,42.67,20.41,1.31,238.0,32.0625,21.958333333333332,977.5083333333333,7.758333333333333,30.370833333333334
delhi,2020-05-20,67.8,155.41,32.8,18.96,1.03,196.0,30.758333333333336,25.583333333333332,977.0749999999999,12.708333333333334,28.724999999999998
delhi,2020-05-21,55.92,163.77,31.36,18.99,1.09,149.0,32.22083333333333,25.958333333333332,976.1583333333333,13.674999999999999,30.308333333333334
delhi,2020-05-22,94.37,213.47,45.36,26.05,1.31,199.0,33.99166666666667,25.958333333333332,976.1583333333333,6.416666666666667,33.69166666666667
delhi,2020-05-23,74.92,209.49,42.43,17.05,1.16,202.0,34.583333333333336,27.625,977.5916666666667,8.775,34.1875
delhi,2020-05-24,55.37,179.3,27.35,17.11,0.87,174.0,35.55416666666667,25.041666666666668,977.8583333333332,12.554166666666667,34.32083333333333
delhi,2020-05-25,61.46,162.41,30.92,21.3,0.94,157.0,35.71666666666667,22.166666666666668,977.6291666666666,12.8375,34.1
delhi,2020-05-26,55.38,190.11,37.79,16.82,1.1,153.0,36.916666666666664,18.833333333333332,975.9583333333334,11.020833333333334,35.145833333333336
delhi,2020-05-27,43.22,161.76,26.95,14.49,0.83,156.0,36.487500000000004,20.75,974.3666666666667,9.870833333333334,35.199999999999996
delhi,2020-05-28,39.07,229.55,17.1,11.68,0.8,174.0,32.96666666666667,41.458333333333336,975.8166666666666,19.558333333333334,33.03333333333333
delhi,2020-05-29,24.62,66.66,19.02,9.95,0.77,129.0,30.083333333333332,57.625,978.6666666666666,20.683333333333334,31.212500000000002
delhi,2020-05-30,23.09,53.19,18.51,9.95,0.84,84.0,28.150000000000002,61.291666666666664,981.0208333333334,12.133333333333333,30.066666666666666
delhi,2020-05-31,21.51,40.43,17.05,9.06,0.84,80.0,26.84166666666667,69.16666666666667,982.625,7.566666666666666,30.0
delhi,2020-06-01,41.05,80.47,22.99,14.02,0.96,100.0,27.77916666666667,67.29166666666667,983.1833333333334,6.545833333333333,31.28333333333333
delhi,2020-06-02,45.9,98.32,24.78,12.71,0.92,123.0,29.0,61.541666666666664,981.4125,6.495833333333334,32.24166666666667
delhi,2020-06-03,50.62,114.01,28.02,15.91,0.9,123.0,29.945833333333336,57.75,979.3541666666666,6.1499999999999995,33.18333333333333
delhi,2020-06-04,68.24,143.79,34.11,17.97,1.09,144.0,29.587500000000002,56.833333333333336,978.5708333333333,7.066666666666666,32.38333333333333
delhi,2020-06-05,42.43,87.05,25.87,12.46,0.87,126.0,29.020833333333332,59.75,978.5416666666666,8.233333333333333,31.90833333333333
delhi,2020-06-06,35.14,80.49,21.25,10.69,0.82,102.0,29.504166666666666,58.166666666666664,978.0500000000001,7.645833333333333,32.420833333333334
delhi,2020-06-07,39.99,91.17,22.65,11.89,0.86,104.0,30.583333333333332,58.875,977.8583333333332,8.416666666666666,34.083333333333336
delhi,2020-06-08,46.9,103.27,25.81,15.78,0.94,112.0,30.787499999999998,59.833333333333336,977.4875000000001,6.870833333333334,34.708333333333336
delhi,2020-06-09,64.77,148.67,32.01,15.06,1.01,138.0,33.050000000000004,51.458333333333336,977.3916666666668,6.466666666666666,36.766666666666666
delhi,2020-06-10,58.9,156.29,34.31,14.12,1.03,154.0,33.72083333333333,51.916666666666664,976.8208333333333,7.495833333333334,37.65833333333333
delhi,2020-06-11,54.69,134.36,30.94,12.74,0.91,142.0,33.52916666666667,53.416666666666664,975.7125,6.429166666666667,37.987500000000004
delhi,2020-06-12,64.0,152.7,30.05,12.9,1.06,152.0,33.77916666666667,51.708333333333336,974.6916666666666,9.0375,37.5625
delhi,2020-06-13,52.36,129.33,25.46,10.59,0.95,132.0,33.625,54.583333333333336,975.0791666666668,9.041666666666666,37.99583333333333
delhi,2020-06-14,71.08,150.28,26.01,13.57,1.04,147.0,33.65416666666667,55.833333333333336,976.5791666666668,8.612499999999999,38.170833333333334
delhi,2020-06-15,48.69,120.23,25.95,12.57,0.88,130.0,34.324999999999996,47.333333333333336,974.6583333333333,8.691666666666666,37.44583333333333
delhi,2020-06-16,39.87,107.99,24.58,12.08,0.88,126.0,33.82083333333333,48.125,972.4583333333334,9.416666666666666,36.99166666666667
delhi,2020-06-17,34.35,92.58,16.94,10.84,0.78,110.0,33.862500000000004,51.541666666666664,972.0458333333332,11.554166666666667,37.38333333333333
delhi,2020-06-18,36.84,100.62,18.32,12.19,0.82,107.0,34.59583333333333,50.125,972.6208333333334,10.120833333333334,38.329166666666666
delhi,2020-06-19,57.6,205.56,17.78,11.98,0.86,132.0,34.949999999999996,52.958333333333336,974.4458333333333,11.200000000000001,39.354166666666664
delhi,2020-06-20,35.96,108.73,20.37,10.98,0.8,158.0,33.704166666666666,53.375,976.0083333333333,12.029166666666667,37.37083333333333
delhi,2020-06-21,39.7,95.63,23.7,11.71,0.85,105.0,33.37083333333333,54.0,975.6666666666666,8.966666666666667,37.44166666666667
delhi,2020-06-22,39.47,77.48,20.61,11.08,0.91,104.0,31.858333333333334,60.875,975.7166666666667,7.175,36.57083333333333
delhi,2020-06-23,29.02,64.12,16.39,11.09,0.88,85.0,31.5125,64.0,977.8625000000001,14.308333333333332,35.46666666666667
delhi,2020-06-24,30.91,62.61,16.84,11.02,0.89,71.0,30.3,72.0,978.7166666666667,11.75,35.0625
delhi,2020-06-25,38.37,77.76,21.41,11.28,1.02,86.0,31.875,66.16666666666667,976.1791666666667,5.5375000000000005,37.604166666666664
delhi,2020-06-26,50.01,112.08,22.06,11.66,1.01,104.0,32.37083333333333,64.5,975.3083333333334,9.995833333333334,37.395833333333336
delhi,2020-06-27,39.8,155.94,21.46,10.38,0.87,112.0,33.708333333333336,56.541666666666664,974.4791666666666,13.554166666666667,37.6
delhi,2020-06-28,59.52,308.65,21.6,10.7,0.94,196.0,35.00416666666667,51.125,973.7583333333333,13.904166666666667,38.59166666666667
delhi,2020-06-29,44.86,184.12,21.57,11.58,0.88,233.0,34.37916666666667,53.666666666666664,975.5875,12.8375,38.24583333333333
delhi,2020-06-30,39.8,91.98,17.96,10.51,0.84,114.0,32.15833333333333,63.333333333333336,976.9791666666666,12.245833333333332,36.733333333333334
delhi,2020-07-01,54.01,128.66,21.05,11.15,0.97,101.0,33.35,59.375,975.8666666666667,8.4125,38.420833333333334
hyderabad,2020-01-01,41.19,69.42,25.88,4.18,0.65,82.0,22.054166666666664,79.20833333333333,958.4291666666667,13.320833333333333,23.020833333333332
hyderabad,2020-01-02,30.8,56.0,27.43,3.83,0.61,64.0,22.53333333333333,83.95833333333333,959.3791666666666,11.575000000000001,24.462500000000002
hyderabad,2020-01-03,33.09,57.88,25.24,5.53,0.57,64.0,22.708333333333332,81.70833333333333,957.7833333333333,9.870833333333334,24.7
hyderabad,2020-01-04,57.96,106.32,29.78,6.3,0.7,87.0,21.8875,79.875,956.6333333333333,5.529166666666666,23.9375
hyderabad,2020-01-05,64.52,113.98,34.05,17.49,0.57,112.0,20.804166666666667,74.25,957.5333333333333,9.583333333333334,21.375
hyderabad,2020-01-06,56.86,101.12,36.85,11.39,0.75,125.0,21.254166666666666,69.95833333333333,959.3958333333334,10.791666666666666,21.599999999999998
hyderabad,2020-01-07,51.1,89.73,30.38,5.24,0.6,93.0,22.570833333333336,78.66666666666667,958.3625000000001,11.195833333333333,23.974999999999998
hyderabad,2020-01-08,40.04,74.46,25.03,6.19,0.45,82.0,23.233333333333334,73.66666666666667,956.8583333333332,10.795833333333334,24.445833333333336
hyderabad,2020-01-09,46.45,88.34,29.5,6.66,0.52,84.0,22.454166666666666,78.20833333333333,956.9208333333332,7.608333333333333,24.275000000000002
hyderabad,2020-01-10,74.35,129.65,29.58,8.8,0.52,123.0,21.858333333333334,75.70833333333333,958.0666666666666,10.958333333333334,22.754166666666666
hyderabad,2020-01-11,74.55,141.86,41.69,13.04,0.62,149.0,21.2,68.25,959.0208333333334,7.754166666666666,21.745833333333334
hyderabad,2020-01-12,67.37,137.74,42.49,14.43,0.57,140.0,20.345833333333335,66.41666666666667,957.5041666666666,6.7875000000000005,20.575
hyderabad,2020-01-13,65.69,135.4,46.15,11.57,0.61,128.0,21.4875,61.208333333333336,955.6916666666666,4.45,22.004166666666666
hyderabad,2020-01-14,72.24,139.44,40.97,5.04,0.63,134.0,21.733333333333334,64.95833333333333,955.5458333333332,8.904166666666667,22.0
hyderabad,2020-01-15,50.23,86.93,25.29,4.35,0.42,119.0,21.666666666666668,66.70833333333333,956.2833333333333,11.1875,21.7
hyderabad,2020-01-16,35.28,65.41,22.05,5.35,0.38,76.0,21.583333333333332,66.04166666666667,956.1958333333333,9.520833333333334,21.808333333333334
hyderabad,2020-01-17,31.16,63.66,27.84,5.87,0.44,66.0,22.02916666666667,68.875,956.65,9.233333333333333,22.558333333333334
hyderabad,2020-01-18,35.01,74.36,29.5,5.17,0.48,69.0,23.0,69.70833333333333,956.9458333333333,10.3125,23.920833333333334
hyderabad,2020-01-19,34.14,71.2,27.74,4.3,0.43,74.0,23.349999999999998,68.95833333333333,957.3583333333332,7.233333333333333,24.733333333333334
hyderabad,2020-01-20,39.98,83.38,30.46,4.75,0.47,77.0,23.108333333333334,69.625,958.1125000000001,8.104166666666666,24.320833333333336
hyderabad,2020-01-21,37.27,89.76,32.37,5.1,0.46,84.0,22.941666666666666,68.25,959.1916666666666,11.612499999999999,23.599999999999998
hyderabad,2020-01-22,38.79,85.47,31.8,5.74,0.48,84.0,22.287499999999998,67.66666666666667,959.8416666666667,10.237499999999999,22.77916666666667
hyderabad,2020-01-23,56.38,115.76,43.87,6.51,0.62,106.0,21.6875,70.66666666666667,958.6750000000001,8.533333333333333,22.491666666666664
hyderabad,2020-01-24,63.09,128.53,49.49,7.58,0.66,125.0,22.8,62.333333333333336,958.1458333333334,7.508333333333334,23.395833333333332
hyderabad,2020-01-25,67.01,141.41,47.05,9.29,0.7,133.0,22.683333333333334,65.41666666666667,957.5291666666667,7.075,23.620833333333334
hyderabad,2020-01-26,62.52,138.48,43.0,8.08,0.63,131.0,23.71666666666667,61.416666666666664,956.4,5.995833333333334,24.8
hyderabad,2020-01-27,57.99,119.51,38.53,7.35,0.56,128.0,23.670833333333334,61.666666666666664,955.4,7.516666666666667,24.474999999999998
hyderabad,2020-01-28,51.37,105.71,29.77,9.14,0.45,107.0,24.145833333333332,60.875,955.1541666666667,9.6625,24.787499999999998
hyderabad,2020-01-29,58.15,132.5,38.77,12.66,0.56,128.0,24.137500000000003,63.916666666666664,956.7125,7.6625000000000005,25.3625
hyderabad,2020-01-30,68.2,149.58,36.66,12.68,0.57,126.0,23.4375,65.5,956.7041666666668,6.429166666666667,24.84583333333333
hyderabad,2020-01-31,59.22,131.21,38.18,8.72,0.47,141.0,22.770833333333332,64.83333333333333,955.6374999999999,7.933333333333334,23.545833333333334
hyderabad,2020-02-01,38.88,83.63,40.69,5.26,0.4,99.0,23.745833333333334,64.08333333333333,956.1,10.570833333333333,24.420833333333334
hyderabad,2020-02-02,40.2,86.11,29.28,4.62,0.45,77.0,23.379166666666666,68.70833333333333,958.4125,12.433333333333332,24.008333333333336
hyderabad,2020-02-03,36.94,79.23,30.21,4.14,0.42,76.0,23.491666666666664,67.70833333333333,958.4958333333334,9.0875,24.570833333333336
hyderabad,2020-02-04,27.77,68.94,31.23,6.01,0.42,71.0,23.71666666666667,59.541666666666664,956.8000000000001,10.2625,23.912499999999998
hyderabad,2020-02-05,32.73,79.91,34.88,4.73,0.44,70.0,23.5625,64.66666666666667,956.5666666666666,6.7749999999999995,24.733333333333334
hyderabad,2020-02-06,30.56,83.58,41.17,4.98,0.4,80.0,24.7625,55.75,955.9375,9.104166666666666,25.087500000000002
hyderabad,2020-02-07,32.21,85.67,28.37,4.61,0.39,80.0,23.929166666666664,66.66666666666667,956.4583333333334,10.833333333333334,24.858333333333334
hyderabad,2020-02-08,38.5,82.42,28.55,4.7,0.45,79.0,22.604166666666668,79.95833333333333,957.2291666666666,9.516666666666667,24.458333333333332
hyderabad,2020-02-09,41.49,67.47,27.11,5.98,0.49,82.0,19.679166666666667,91.125,959.0458333333332,11.65,20.962500000000002
hyderabad,2020-02-10,39.28,71.1,29.29,4.23,0.48,68.0,21.3125,82.41666666666667,959.0666666666666,11.904166666666667,22.520833333333332
hyderabad,2020-02-11,42.7,80.0,29.93,4.72,0.49,75.0,22.120833333333334,78.875,959.4541666666668,11.266666666666666,23.416666666666668
hyderabad,2020-02-12,56.38,105.86,36.64,5.87,0.6,94.0,22.058333333333334,77.54166666666667,960.3291666666668,8.679166666666667,23.52916666666667
hyderabad,2020-02-13,61.85,130.5,43.3,9.22,0.6,122.0,22.679166666666664,63.208333333333336,959.1791666666667,8.220833333333333,23.2
hyderabad,2020-02-14,74.29,149.4,60.15,19.3,0.85,146.0,22.816666666666666,52.958333333333336,956.6875,6.875,22.641666666666666
hyderabad,2020-02-15,66.96,142.86,57.58,13.19,0.8,154.0,23.40416666666667,54.041666666666664,956.2125,6.145833333333333,23.629166666666666
hyderabad,2020-02-16,65.61,134.24,43.19,11.81,0.56,140.0,23.633333333333336,54.416666666666664,957.7041666666668,7.9624999999999995,23.795833333333334
hyderabad,2020-02-17,59.75,138.05,44.99,10.93,0.63,126.0,23.245833333333334,57.416666666666664,958.5333333333333,7.370833333333334,23.579166666666666
hyderabad,2020-02-18,45.93,120.32,47.25,14.12,0.57,116.0,22.912499999999998,48.125,957.7541666666666,8.883333333333333,22.1125
hyderabad,2020-02-19,49.6,116.05,44.57,8.36,0.58,112.0,23.40416666666667,54.791666666666664,957.375,7.820833333333333,23.679166666666664
hyderabad,2020-02-20,45.57,94.57,27.45,5.78,0.41,97.0,23.45,66.375,957.4583333333334,10.533333333333333,24.27916666666667
hyderabad,2020-02-21,35.27,76.37,22.96,6.09,0.35,86.0,22.558333333333334,61.416666666666664,959.2291666666666,11.195833333333333,22.495833333333334
hyderabad,2020-02-22,28.81,77.15,27.78,5.72,0.37,72.0,22.870833333333334,57.916666666666664,959.9416666666666,9.887500000000001,22.7375
hyderabad,2020-02-23,25.6,64.14,24.85,5.8,0.39,68.0,23.27916666666667,56.083333333333336,958.9208333333332,10.395833333333334,23.05
hyderabad,2020-02-24,32.51,77.92,27.31,4.77,0.46,70.0,24.650000000000002,51.166666666666664,956.0833333333334,10.225,24.379166666666666
hyderabad,2020-02-25,42.14,107.78,28.15,8.89,0.46,86.0,24.816666666666666,59.666666666666664,954.9250000000001,6.6000000000000005,26.054166666666664
hyderabad,2020-02-26,55.84,134.28,34.26,12.79,0.51,112.0,23.754166666666666,56.666666666666664,956.3958333333334,8.604166666666666,24.133333333333336
hyderabad,2020-02-27,38.49,108.25,33.43,10.07,0.41,108.0,23.641666666666666,43.625,956.7624999999999,9.670833333333333,22.59166666666667
hyderabad,2020-02-28,40.35,103.27,29.75,6.6,0.43,97.0,23.504166666666666,59.333333333333336,955.5833333333334,9.083333333333334,24.004166666666666
hyderabad,2020-02-29,42.44,94.49,25.56,4.91,0.51,91.0,24.054166666666664,65.25,955.2666666666668,9.25,25.120833333333334
hyderabad,2020-03-01,43.21,93.93,27.41,4.72,0.58,92.0,24.3625,63.583333333333336,955.5458333333332,7.9750000000000005,25.65416666666667
hyderabad,2020-03-02,48.6,98.66,31.95,5.26,0.59,95.0,24.71666666666667,61.416666666666664,955.7833333333333,5.15,26.34166666666667
hyderabad,2020-03-03,49.59,101.91,27.73,5.34,0.52,97.0,25.316666666666666,61.208333333333336,954.9875000000001,6.1875,26.945833333333336
hyderabad,2020-03-04,46.51,109.13,29.56,8.82,0.52,106.0,26.004166666666666,50.208333333333336,954.0958333333333,9.079166666666667,26.22083333333333
hyderabad,2020-03-05,57.23,135.4,37.61,11.83,0.64,113.0,25.22083333333333,50.958333333333336,953.2333333333332,6.433333333333334,25.745833333333334
hyderabad,2020-03-06,33.87,85.6,23.4,5.21,0.44,100.0,25.458333333333332,63.916666666666664,953.8083333333334,11.454166666666666,26.5125
hyderabad,2020-03-07,38.58,92.91,25.4,4.76,0.46,85.0,25.258333333333336,71.625,955.8249999999999,8.608333333333333,27.599999999999998
hyderabad,2020-03-08,33.94,68.49,22.05,4.69,0.46,77.0,25.337500000000002,74.79166666666667,955.9208333333332,8.491666666666667,28.133333333333336
hyderabad,2020-03-09,32.84,75.09,22.79,4.82,0.5,70.0,25.270833333333332,69.33333333333333,954.7458333333334,8.6875,27.40416666666667
hyderabad,2020-03-10,25.67,60.08,21.21,4.35,0.44,65.0,26.254166666666666,58.458333333333336,954.4250000000001,8.791666666666666,27.704166666666666
hyderabad,2020-03-11,29.93,75.82,26.85,5.01,0.48,62.0,26.40416666666667,63.541666666666664,954.7624999999999,9.758333333333333,28.2625
hyderabad,2020-03-12,31.53,86.96,30.61,5.55,0.58,78.0,26.09583333333333,65.625,956.0541666666667,9.387500000000001,28.05
hyderabad,2020-03-13,27.51,78.19,25.71,4.96,0.46,79.0,26.52916666666667,61.041666666666664,956.2875,10.570833333333333,27.9375
hyderabad,2020-03-14,33.45,83.27,28.19,6.01,0.53,75.0,26.224999999999998,61.125,955.4291666666667,6.9624999999999995,28.05
hyderabad,2020-03-15,32.03,81.84,27.55,5.37,0.49,82.0,25.666666666666668,59.958333333333336,955.7125,9.725,26.96666666666667
hyderabad,2020-03-16,27.86,68.18,28.5,4.57,0.53,71.0,25.795833333333334,61.0,956.8000000000001,10.204166666666667,27.041666666666668
hyderabad,2020-03-17,25.08,69.94,29.65,3.98,0.47,67.0,27.166666666666668,50.25,957.5583333333334,10.633333333333333,27.7
hyderabad,2020-03-18,26.32,68.45,31.53,5.34,0.51,67.0,27.016666666666666,50.5,956.9083333333333,5.866666666666667,28.22083333333333
hyderabad,2020-03-19,43.39,97.86,33.52,7.02,0.68,87.0,26.429166666666664,57.041666666666664,955.9499999999999,6.7375,28.099999999999998
hyderabad,2020-03-20,33.71,72.83,25.04,5.39,0.52,79.0,27.295833333333334,51.083333333333336,955.0958333333333,6.6499999999999995,28.3625
hyderabad,2020-03-21,39.85,103.66,24.68,7.04,0.57,84.0,25.870833333333334,64.875,954.8125,5.716666666666666,28.349999999999998
hyderabad,2020-03-22,38.0,85.6,20.45,6.38,0.49,102.0,26.204166666666666,62.0,955.2624999999999,6.395833333333333,28.154166666666665
hyderabad,2020-03-23,37.97,72.32,14.21,5.41,0.46,73.0,26.266666666666666,62.25,955.1958333333333,7.383333333333333,28.237499999999997
hyderabad,2020-03-24,28.75,59.24,12.33,6.67,0.4,66.0,26.766666666666666,56.5,954.2041666666668,7.720833333333334,28.28333333333333
hyderabad,2020-03-25,28.47,59.28,12.7,6.22,0.4,60.0,26.866666666666664,56.583333333333336,953.9833333333332,8.408333333333333,28.370833333333334
hyderabad,2020-03-26,29.0,60.99,12.23,5.14,0.37,59.0,26.804166666666664,51.875,955.1333333333333,8.637500000000001,27.820833333333336
hyderabad,2020-03-27,34.09,67.6,12.16,5.3,0.36,65.0,27.925,44.833333333333336,956.1708333333332,9.420833333333333,28.275000000000002
hyderabad,2020-03-28,36.17,67.08,11.67,6.39,0.39,70.0,27.958333333333332,44.416666666666664,955.2291666666666,7.029166666666666,28.741666666666664
hyderabad,2020-03-29,42.07,75.41,19.37,4.71,0.47,75.0,28.420833333333334,46.416666666666664,954.3208333333333,6.3374999999999995,29.625
hyderabad,2020-03-30,34.79,65.96,19.35,7.11,0.41,72.0,27.916666666666668,48.666666666666664,955.1916666666666,7.266666666666667,29.066666666666666
hyderabad,2020-03-31,42.42,72.92,19.9,7.31,0.49,68.0,28.287499999999998,51.333333333333336,955.7083333333334,4.7124999999999995,30.320833333333336
hyderabad,2020-04-01,47.96,83.65,19.98,6.64,0.65,87.0,28.308333333333334,51.291666666666664,955.2333333333332,5.520833333333333,30.058333333333334
hyderabad,2020-04-02,48.05,80.7,19.75,6.67,0.55,88.0,29.266666666666666,47.25,953.8375,5.158333333333333,30.858333333333334
hyderabad,2020-04-03,38.13,69.42,18.95,9.04,0.51,73.0,29.016666666666666,44.291666666666664,954.6083333333332,8.408333333333333,29.579166666666666
hyderabad,2020-04-04,37.34,72.16,21.26,8.46,0.5,67.0,27.979166666666668,46.208333333333336,955.5250000000001,7.3875,28.516666666666666
hyderabad,2020-04-05,30.18,57.17,16.71,8.36,0.44,66.0,28.675,46.708333333333336,955.8208333333333,7.825,29.691666666666666
hyderabad,2020-04-06,27.87,64.99,18.52,8.47,0.66,64.0,28.629166666666666,57.75,955.8083333333334,5.325,31.525000000000002
hyderabad,2020-04-07,19.76,39.6,22.67,8.49,0.8,77.0,28.579166666666666,54.708333333333336,954.4083333333333,7.5625,30.741666666666664
hyderabad,2020-04-08,19.94,43.45,20.46,11.06,0.41,56.0,29.099999999999998,49.958333333333336,954.6208333333334,7.554166666666667,30.754166666666666
hyderabad,2020-04-09,29.36,61.5,25.74,9.14,0.51,59.0,27.983333333333334,57.916666666666664,955.0541666666667,7.7625,30.275000000000002
hyderabad,2020-04-10,18.95,36.93,31.96,6.51,0.52,62.0,27.5,57.916666666666664,955.7541666666666,7.395833333333333,29.34583333333333
hyderabad,2020-04-11,23.99,43.01,27.24,6.21,0.38,55.0,27.77916666666667,49.5,957.0041666666666,8.029166666666667,28.712500000000002
hyderabad,2020-04-12,33.4,59.02,21.68,4.25,0.4,61.0,28.47083333333333,45.333333333333336,955.8791666666666,7.541666666666667,29.129166666666666
hyderabad,2020-04-13,35.21,66.35,18.03,3.48,0.41,68.0,28.770833333333332,41.041666666666664,954.3958333333334,8.200000000000001,28.858333333333334
hyderabad,2020-04-14,38.07,78.8,19.72,4.27,0.38,74.0,29.179166666666664,39.041666666666664,954.6,8.3875,29.083333333333332
hyderabad,2020-04-15,33.99,68.75,18.3,4.36,0.41,74.0,29.45,39.125,955.4541666666668,6.8625,29.8625
hyderabad,2020-04-16,37.13,68.87,18.82,4.19,0.49,70.0,29.491666666666664,40.291666666666664,954.1374999999999,7.620833333333334,30.087500000000002
hyderabad,2020-04-17,38.44,75.93,21.35,5.07,0.51,74.0,29.84583333333333,45.125,953.6875,7.8,31.066666666666666
hyderabad,2020-04-18,35.67,63.08,25.01,4.46,0.5,75.0,29.245833333333334,53.333333333333336,954.1166666666667,6.8875,31.579166666666666
hyderabad,2020-04-19,30.21,61.21,24.42,5.75,0.38,67.0,29.224999999999998,52.666666666666664,954.3625000000001,7.083333333333333,31.474999999999998
hyderabad,2020-04-20,26.47,57.08,25.39,6.01,0.38,58.0,28.59583333333333,57.0,954.1041666666666,5.883333333333333,31.316666666666666
hyderabad,2020-04-21,22.83,42.44,29.99,6.64,0.5,54.0,29.941666666666666,48.375,953.725,8.174999999999999,31.491666666666664
hyderabad,2020-04-22,25.12,46.3,26.18,4.56,0.39,50.0,30.295833333333334,46.166666666666664,953.0291666666667,8.445833333333333,31.72083333333333
hyderabad,2020-04-23,27.57,62.7,24.7,4.88,0.45,53.0,30.974999999999998,51.0,952.6125000000001,7.854166666666667,33.30416666666667
hyderabad,2020-04-24,28.99,54.72,22.09,4.43,0.44,63.0,30.224999999999998,58.375,952.225,9.704166666666667,33.266666666666666
hyderabad,2020-04-25,31.76,72.38,24.4,5.65,0.46,62.0,31.054166666666664,45.541666666666664,951.9916666666667,9.008333333333333,32.579166666666666
hyderabad,2020-04-26,29.9,59.77,20.64,4.27,0.42,71.0,29.754166666666666,61.5,953.2958333333332,6.704166666666667,33.458333333333336
hyderabad,2020-04-27,23.51,56.45,21.98,3.83,0.44,56.0,29.7375,60.375,953.975,9.870833333333334,32.770833333333336
hyderabad,2020-04-28,23.36,53.68,19.73,3.72,0.39,56.0,29.1875,61.333333333333336,954.3583333333332,10.679166666666667,31.920833333333334
hyderabad,2020-04-29,16.03,37.73,22.21,3.67,0.41,51.0,28.770833333333332,61.583333333333336,954.0333333333333,5.966666666666666,32.145833333333336
hyderabad,2020-04-30,21.12,54.39,24.27,4.03,0.6,59.0,29.95,46.208333333333336,954.0124999999999,5.845833333333334,31.604166666666668
hyderabad,2020-05-01,22.69,53.46,22.43,4.27,0.64,67.0,30.070833333333336,51.0,953.7166666666667,8.920833333333333,32.00416666666667
hyderabad,2020-05-02,24.62,51.4,25.22,5.59,0.54,54.0,30.05,48.75,952.3375,6.166666666666667,32.07083333333333
hyderabad,2020-05-03,33.03,80.72,26.32,5.04,0.49,70.0,30.95,44.208333333333336,951.9416666666666,7.75,32.46666666666667
hyderabad,2020-05-04,28.18,69.69,22.57,4.59,0.48,77.0,31.020833333333332,47.083333333333336,952.7583333333333,8.120833333333334,33.00416666666667
hyderabad,2020-05-05,31.36,75.39,24.86,4.17,0.45,71.0,30.833333333333332,51.0,952.5166666666668,6.104166666666667,33.574999999999996
hyderabad,2020-05-06,25.18,59.71,21.51,4.45,0.52,73.0,31.175,49.875,952.3958333333334,8.049999999999999,33.612500000000004
hyderabad,2020-05-07,26.84,58.71,21.67,4.3,0.41,59.0,30.587500000000002,59.375,953.1916666666666,6.791666666666667,34.3875
hyderabad,2020-05-08,27.46,66.53,22.97,4.84,0.45,65.0,30.84583333333333,55.166666666666664,953.2958333333332,6.633333333333333,34.166666666666664
hyderabad,2020-05-09,29.56,61.16,21.1,5.41,0.37,69.0,31.616666666666664,49.375,953.3833333333333,6.645833333333333,34.516666666666666
hyderabad,2020-05-10,28.15,47.77,26.08,5.02,0.43,65.0,30.15833333333333,54.625,953.475,5.629166666666666,33.30833333333333
hyderabad,2020-05-11,38.65,82.55,30.29,7.01,0.53,83.0,29.445833333333336,54.541666666666664,953.8708333333334,7.8,31.808333333333334
hyderabad,2020-05-12,32.09,62.6,27.82,6.05,0.47,74.0,30.270833333333332,50.916666666666664,953.0958333333333,6.458333333333333,32.7125
hyderabad,2020-05-13,24.1,54.77,24.07,4.61,0.38,64.0,29.962500000000002,52.083333333333336,952.4791666666666,6.958333333333333,32.487500000000004
hyderabad,2020-05-14,25.06,53.65,21.85,5.29,0.35,60.0,30.7375,50.5,951.8125,7.675,33.17916666666667
hyderabad,2020-05-15,24.12,56.89,23.33,5.38,0.34,60.0,30.679166666666664,51.958333333333336,951.3041666666667,5.404166666666666,33.729166666666664
hyderabad,2020-05-16,27.65,61.38,26.37,6.32,0.46,67.0,30.537499999999998,56.208333333333336,950.8958333333334,5.979166666666667,34.09166666666667
hyderabad,2020-05-17,32.47,72.72,28.5,5.87,0.49,70.0,30.7375,57.333333333333336,949.6791666666667,6.3125,34.28333333333333
hyderabad,2020-05-18,31.05,71.9,27.66,7.55,0.43,72.0,30.537499999999998,53.5,947.6208333333334,10.116666666666667,32.94166666666667
hyderabad,2020-05-19,42.41,122.45,30.17,9.4,0.52,93.0,30.954166666666666,43.041666666666664,946.0041666666666,11.670833333333334,31.483333333333334
hyderabad,2020-05-20,36.62,134.25,31.45,10.5,0.44,106.0,31.47083333333333,34.75,946.3083333333334,13.104166666666666,30.791666666666668
hyderabad,2020-05-21,31.59,118.03,33.69,11.4,0.43,109.0,31.75,29.833333333333332,948.2541666666666,13.758333333333333,30.504166666666666
hyderabad,2020-05-22,39.91,137.19,38.9,8.55,0.68,114.0,31.333333333333332,29.416666666666668,949.6416666666668,9.612499999999999,30.583333333333332
hyderabad,2020-05-23,44.09,147.59,35.83,8.65,0.62,122.0,32.020833333333336,32.375,950.0,10.270833333333334,31.708333333333332
hyderabad,2020-05-24,41.03,124.09,26.38,6.61,0.52,116.0,32.375,39.25,950.8375,8.104166666666666,33.475
hyderabad,2020-05-25,33.07,97.27,22.72,5.94,0.44,102.0,32.43333333333333,47.416666666666664,952.0666666666666,7.595833333333334,34.891666666666666
hyderabad,2020-05-26,32.51,85.85,23.19,6.32,0.45,89.0,32.65416666666667,50.0,951.9041666666667,7.0249999999999995,35.94166666666667
hyderabad,2020-05-27,28.66,90.2,24.26,5.46,0.44,87.0,33.09166666666667,45.791666666666664,950.8125,6.866666666666667,35.90416666666667
hyderabad,2020-05-28,26.7,96.67,26.37,5.65,0.41,86.0,33.641666666666666,40.0,949.6541666666667,7.8625,35.487500000000004
hyderabad,2020-05-29,21.07,79.56,24.05,6.1,0.34,84.0,33.28333333333333,34.541666666666664,949.8583333333332,9.470833333333333,33.97083333333333
hyderabad,2020-05-30,18.56,60.6,23.9,5.49,0.33,65.0,32.05833333333333,46.25,951.7791666666667,8.158333333333333,34.175000000000004
hyderabad,2020-05-31,25.17,60.07,27.75,4.66,0.43,67.0,30.183333333333334,57.125,952.7375000000001,6.575,33.574999999999996
hyderabad,2020-06-01,30.0,54.63,30.48,5.23,0.42,55.0,27.962500000000002,71.54166666666667,953.3874999999999,5.308333333333334,32.43333333333333
hyderabad,2020-06-02,16.47,31.29,23.75,4.36,0.33,79.0,27.508333333333336,76.54166666666667,952.2666666666668,7.104166666666667,31.9875
hyderabad,2020-06-03,11.74,24.32,20.72,5.12,0.34,38.0,27.645833333333332,69.04166666666667,950.9583333333334,11.320833333333333,30.462500000000002
hyderabad,2020-06-04,13.93,28.72,18.89,5.56,0.3,33.0,28.162499999999998,61.166666666666664,950.6,20.116666666666667,29.150000000000002
hyderabad,2020-06-05,19.57,52.74,22.78,6.89,0.3,38.0,29.075,56.958333333333336,951.0416666666666,14.458333333333334,30.758333333333336
hyderabad,2020-06-06,23.02,74.58,20.88,10.04,0.29,58.0,29.337500000000002,53.666666666666664,950.4708333333333,12.645833333333334,30.96666666666667
hyderabad,2020-06-07,19.49,59.86,18.0,9.34,0.3,64.0,29.7375,54.125,950.1916666666666,13.708333333333334,31.454166666666666
hyderabad,2020-06-08,20.2,68.79,19.5,9.69,0.32,54.0,30.454166666666666,48.5,950.0500000000001,14.9375,31.462500000000002
hyderabad,2020-06-09,17.96,56.02,19.43,9.15,0.31,57.0,30.379166666666666,52.791666666666664,949.6875,13.483333333333334,32.170833333333334
hyderabad,2020-06-10,20.26,42.43,21.57,5.72,0.28,48.0,27.55,73.875,948.625,11.691666666666668,30.970833333333335
hyderabad,2020-06-11,19.96,45.14,23.97,6.7,0.27,42.0,24.454166666666666,89.54166666666667,946.4583333333334,15.575000000000001,27.433333333333334
hyderabad,2020-06-12,17.19,35.96,21.01,6.02,0.28,42.0,24.108333333333334,90.16666666666667,945.6583333333333,15.3125,27.045833333333334
hyderabad,2020-06-13,9.87,23.48,19.35,5.32,0.29,38.0,26.316666666666666,76.58333333333333,946.3833333333333,16.2625,28.71666666666667
hyderabad,2020-06-14,9.8,22.79,19.97,6.34,0.26,32.0,27.391666666666666,72.75,947.8333333333334,16.349999999999998,30.0125
hyderabad,2020-06-15,13.53,31.78,19.95,6.19,0.31,33.0,27.441666666666666,73.58333333333333,947.6833333333334,18.020833333333332,29.816666666666666
hyderabad,2020-06-16,10.31,20.76,17.7,5.28,0.31,31.0,25.916666666666668,81.5,947.125,18.479166666666668,28.3875
hyderabad,2020-06-17,10.31,20.97,18.86,5.7,0.28,29.0,24.59166666666667,88.0,947.7541666666666,18.420833333333334,27.070833333333336
hyderabad,2020-06-18,14.04,33.09,18.92,5.94,0.26,30.0,25.316666666666666,83.33333333333333,949.4125,17.4375,27.804166666666664
hyderabad,2020-06-19,20.19,55.14,20.73,7.96,0.27,37.0,26.40416666666667,77.5,950.0041666666666,18.275000000000002,28.666666666666668
hyderabad,2020-06-20,22.5,63.77,19.96,7.71,0.26,52.0,27.433333333333334,71.58333333333333,950.3083333333334,16.708333333333332,29.8625
hyderabad,2020-06-21,24.0,72.01,21.8,8.15,0.25,56.0,25.224999999999998,83.25,949.1166666666667,16.233333333333334,27.8625
hyderabad,2020-06-22,22.91,68.3,21.71,7.86,0.26,60.0,25.920833333333334,75.83333333333333,947.9625,17.195833333333333,27.929166666666664
hyderabad,2020-06-23,22.36,56.6,22.45,6.56,0.32,51.0,27.333333333333332,69.625,949.5583333333334,13.845833333333333,30.0125
hyderabad,2020-06-24,21.25,45.4,24.72,5.26,0.36,51.0,27.400000000000002,73.66666666666667,950.1708333333332,7.375,31.5625
hyderabad,2020-06-25,22.41,46.29,25.42,5.16,0.35,52.0,27.879166666666666,71.25,949.6666666666666,8.179166666666667,31.883333333333336
hyderabad,2020-06-26,27.05,54.96,21.78,5.03,0.34,52.0,28.070833333333336,68.0,949.3625000000001,6.416666666666667,31.974999999999998
hyderabad,2020-06-27,23.29,44.2,22.64,5.39,0.36,58.0,27.72083333333333,74.75,949.5291666666667,6.195833333333333,32.25
hyderabad,2020-06-28,15.8,32.18,22.73,6.36,0.36,49.0,26.90833333333333,80.75,949.4375,8.791666666666666,31.383333333333336
hyderabad,2020-06-29,20.24,44.74,27.59,6.29,0.38,47.0,26.308333333333334,82.79166666666667,948.8833333333333,4.604166666666667,31.337500000000002
hyderabad,2020-06-30,19.38,41.95,24.58,5.3,0.39,46.0,26.554166666666664,79.91666666666667,948.5,5.133333333333334,31.104166666666668
hyderabad,2020-07-01,26.83,66.5,27.18,6.07,0.43,48.0,27.037499999999998,77.04166666666667,948.6583333333333,10.116666666666667,30.90833333333333
kolkata,2020-01-01,128.62,247.05,64.93,19.89,2.09,298.0,17.933333333333334,78.41666666666667,1017.5416666666666,7.05,18.166666666666668
kolkata,2020-01-02,114.73,220.19,55.96,18.57,1.62,267.0,19.458333333333332,77.54166666666667,1018.125,6.770833333333333,20.229166666666668
kolkata,2020-01-03,54.29,100.05,36.5,12.35,0.84,201.0,17.858333333333334,86.29166666666667,1016.0416666666666,9.854166666666666,18.258333333333333
kolkata,2020-01-04,47.11,96.07,40.23,11.3,1.29,91.0,18.254166666666666,84.54166666666667,1013.6666666666666,4.4375,19.429166666666667
kolkata,2020-01-05,91.78,170.2,41.06,12.03,1.79,182.0,17.370833333333334,85.25,1014.2041666666668,7.870833333333334,17.787499999999998
kolkata,2020-01-06,94.41,179.61,47.39,12.34,1.66,217.0,16.241666666666667,79.125,1017.1999999999999,8.179166666666667,15.758333333333333
kolkata,2020-01-07,101.15,197.16,43.52,14.61,1.24,203.0,17.1375,78.45833333333333,1015.0666666666666,6.041666666666667,17.25
kolkata,2020-01-08,107.83,220.72,46.0,12.53,1.2,264.0,17.6875,79.95833333333333,1013.9125,6.420833333333333,18.020833333333332
kolkata,2020-01-09,84.88,160.64,48.82,12.02,1.09,200.0,18.3875,82.79166666666667,1013.5458333333332,5.920833333333333,19.254166666666666
kolkata,2020-01-10,84.49,158.8,45.77,16.04,0.89,179.0,18.162499999999998,75.95833333333333,1014.7666666666668,11.025,17.733333333333334
kolkata,2020-01-11,78.54,149.81,42.08,15.92,0.94,162.0,15.875,74.70833333333333,1015.7541666666666,9.804166666666667,14.804166666666667
kolkata,2020-01-12,83.17,156.39,45.72,14.48,0.99,194.0,16.0375,77.04166666666667,1013.4416666666666,9.358333333333333,15.258333333333333
kolkata,2020-01-13,89.03,191.22,59.86,15.24,1.27,184.0,15.945833333333333,76.16666666666667,1011.6125000000001,8.516666666666667,15.1625
kolkata,2020-01-14,146.7,269.95,79.75,15.48,2.15,286.0,17.583333333333332,71.54166666666667,1012.0375,4.591666666666667,17.541666666666668
kolkata,2020-01-15,176.49,325.84,94.33,19.24,2.22,338.0,19.150000000000002,74.04166666666667,1013.1791666666667,4.8,19.775000000000002
kolkata,2020-01-16,145.88,256.22,77.25,13.07,1.79,347.0,20.054166666666667,76.16666666666667,1013.2333333333332,5.283333333333333,21.141666666666666
kolkata,2020-01-17,111.02,211.36,67.76,13.02,1.48,277.0,20.64166666666667,78.25,1013.6708333333332,4.733333333333333,22.21666666666667
kolkata,2020-01-18,82.65,167.5,64.95,17.28,1.22,219.0,20.179166666666667,73.58333333333333,1013.3166666666666,6.0874999999999995,20.8625
kolkata,2020-01-19,83.41,176.12,51.05,14.21,1.01,196.0,20.729166666666668,75.83333333333333,1013.025,7.7124999999999995,21.641666666666666
kolkata,2020-01-20,62.35,125.7,39.97,12.65,0.8,148.0,18.429166666666667,75.16666666666667,1015.2208333333333,8.533333333333333,18.4375
kolkata,2020-01-21,75.02,157.98,54.45,13.18,1.11,172.0,17.849999999999998,73.16666666666667,1016.9083333333333,6.966666666666666,17.691666666666666
kolkata,2020-01-22,102.79,200.55,70.22,13.87,1.14,229.0,18.654166666666665,75.54166666666667,1016.1750000000001,4.054166666666666,19.354166666666668
kolkata,2020-01-23,118.1,211.3,59.79,14.76,1.04,260.0,19.391666666666666,79.29166666666667,1014.0625,5.854166666666667,20.425
kolkata,2020-01-24,84.27,164.39,58.79,15.39,0.93,248.0,18.641666666666666,64.91666666666667,1014.1374999999999,8.700000000000001,17.833333333333332
kolkata,2020-01-25,62.5,134.22,56.5,13.91,0.7,157.0,17.287499999999998,62.166666666666664,1013.5916666666667,6.558333333333334,16.216666666666665
kolkata,2020-01-26,106.39,197.16,67.07,13.82,1.21,234.0,17.724999999999998,64.91666666666667,1011.8874999999999,6.8500000000000005,16.920833333333334
kolkata,2020-01-27,107.8,216.85,68.55,12.15,1.23,254.0,18.412499999999998,65.20833333333333,1011.5208333333334,6.279166666666666,17.929166666666667
kolkata,2020-01-28,115.41,221.71,62.58,14.29,0.96,278.0,19.929166666666667,67.625,1011.7041666666665,5.566666666666666,20.208333333333332
kolkata,2020-01-29,51.86,121.15,36.64,9.23,0.48,175.0,20.925,87.66666666666667,1013.0791666666668,5.908333333333334,23.337500000000002
kolkata,2020-01-30,56.91,118.12,36.89,8.57,0.81,102.0,20.25,92.0,1011.7208333333333,6.329166666666667,22.633333333333336
kolkata,2020-01-31,73.09,154.08,49.78,11.97,0.88,163.0,19.175,73.41666666666667,1012.7541666666666,8.495833333333334,19.283333333333335
kolkata,2020-02-01,61.11,135.39,55.94,13.1,0.81,159.0,18.3625,69.66666666666667,1014.3291666666668,7.283333333333334,18.133333333333333
kolkata,2020-02-02,67.01,158.46,59.8,14.75,0.98,174.0,18.195833333333333,61.208333333333336,1016.5166666666668,8.570833333333333,17.083333333333332
kolkata,2020-02-03,66.42,139.53,55.57,10.73,0.83,156.0,17.229166666666668,63.083333333333336,1016.7416666666667,7.5,16.1
kolkata,2020-02-04,79.24,168.58,69.37,17.62,0.9,184.0,18.170833333333334,64.375,1014.6,6.020833333333333,17.666666666666668
kolkata,2020-02-05,101.36,203.72,67.53,27.0,0.95,222.0,20.429166666666667,68.20833333333333,1012.7583333333333,4.804166666666666,21.020833333333332
kolkata,2020-02-06,78.36,161.52,56.1,13.53,0.81,192.0,20.462500000000002,68.75,1014.0458333333332,6.379166666666666,20.858333333333334
kolkata,2020-02-07,80.67,180.94,57.6,13.6,0.74,189.0,19.6125,62.625,1015.5749999999999,7.833333333333333,19.095833333333335
kolkata,2020-02-08,110.11,225.37,59.59,19.06,0.91,217.0,18.349999999999998,66.41666666666667,1016.6833333333334,8.254166666666666,17.712500000000002
kolkata,2020-02-09,89.17,174.34,52.41,13.76,0.77,246.0,19.25,67.41666666666667,1016.7166666666667,8.85,18.870833333333334
kolkata,2020-02-10,80.91,169.09,64.6,13.03,0.86,196.0,18.116666666666667,59.0,1015.9916666666667,8.845833333333333,16.766666666666666
kolkata,2020-02-11,106.37,210.54,76.36,14.93,1.23,241.0,18.158333333333335,58.458333333333336,1016.0583333333334,9.183333333333334,16.770833333333332
kolkata,2020-02-12,101.11,203.59,85.22,14.79,1.44,247.0,19.075,58.958333333333336,1015.2125,8.8125,17.966666666666665
kolkata,2020-02-13,99.03,204.3,79.66,13.39,1.11,240.0,19.958333333333332,56.958333333333336,1012.4541666666668,7.1125,19.1875
kolkata,2020-02-14,106.87,217.18,80.75,19.36,1.12,254.0,21.708333333333332,63.708333333333336,1008.6041666666666,9.033333333333333,21.741666666666664
kolkata,2020-02-15,71.25,157.73,66.46,14.99,0.88,185.0,21.599999999999998,61.958333333333336,1010.4,9.116666666666667,21.425
kolkata,2020-02-16,100.15,211.64,71.03,15.38,0.97,219.0,22.058333333333334,59.333333333333336,1013.1374999999999,6.783333333333334,22.224999999999998
kolkata,2020-02-17,101.37,207.97,70.05,13.14,0.96,228.0,22.125,65.70833333333333,1013.5083333333333,5.325,23.041666666666668
kolkata,2020-02-18,92.52,190.61,54.74,12.79,0.82,226.0,22.0625,70.875,1012.65,6.545833333333333,23.116666666666664
kolkata,2020-02-19,84.06,157.66,42.4,29.47,0.53,203.0,23.02916666666667,73.04166666666667,1013.5958333333333,6.566666666666666,24.604166666666668
kolkata,2020-02-20,58.63,115.09,36.14,24.4,0.44,157.0,24.275000000000002,71.0,1014.1583333333333,8.595833333333333,26.012500000000003
kolkata,2020-02-21,81.15,175.18,57.85,12.45,0.86,162.0,23.6875,67.83333333333333,1016.2875,5.375,25.325
kolkata,2020-02-22,107.24,208.66,66.31,15.01,1.0,242.0,24.320833333333336,61.625,1016.2708333333334,6.941666666666666,25.358333333333334
kolkata,2020-02-23,94.78,189.57,53.2,11.4,0.78,233.0,24.183333333333334,64.125,1014.6333333333333,7.375,25.3875
kolkata,2020-02-24,106.36,205.48,59.18,12.99,0.97,209.0,22.575,72.875,1012.2708333333334,5.229166666666667,24.287499999999998
kolkata,2020-02-25,82.03,136.88,53.5,8.34,0.75,237.0,19.541666666666668,88.25,1011.9416666666666,6.833333333333333,21.241666666666667
kolkata,2020-02-26,40.94,84.42,40.31,11.03,0.51,116.0,20.8125,81.58333333333333,1012.0291666666667,5.425,22.75
kolkata,2020-02-27,45.0,89.71,45.61,11.59,0.67,91.0,21.379166666666666,74.625,1012.6708333333332,5.3374999999999995,22.770833333333332
kolkata,2020-02-28,73.23,141.5,47.57,10.72,0.78,142.0,21.883333333333336,68.375,1012.1708333333332,6.4875,22.741666666666664
kolkata,2020-02-29,73.68,141.14,57.35,11.26,0.92,167.0,22.7,66.875,1010.6791666666667,6.05,23.833333333333332
kolkata,2020-03-01,92.08,173.74,59.52,13.39,1.22,196.0,23.8875,67.875,1010.6750000000001,6.191666666666666,25.495833333333334
kolkata,2020-03-02,97.45,183.82,54.31,14.25,1.09,222.0,24.458333333333332,67.54166666666667,1010.0958333333333,6.370833333333334,26.241666666666664
kolkata,2020-03-03,82.48,149.76,38.23,10.52,0.81,194.0,23.879166666666666,76.04166666666667,1009.4708333333333,6.966666666666666,26.420833333333334
kolkata,2020-03-04,50.13,86.22,30.3,11.45,0.6,127.0,24.162499999999998,80.95833333333333,1009.5749999999999,8.104166666666666,27.099999999999998
kolkata,2020-03-05,34.26,71.62,33.77,9.3,0.68,89.0,24.5125,78.41666666666667,1009.6,6.333333333333333,27.6125
kolkata,2020-03-06,36.1,72.34,29.89,8.44,0.6,90.0,24.429166666666664,71.91666666666667,1010.7833333333333,11.154166666666667,26.066666666666666
kolkata,2020-03-07,32.81,58.09,25.75,8.05,0.67,69.0,23.4875,81.66666666666667,1012.1583333333333,7.120833333333334,26.320833333333336
kolkata,2020-03-08,37.96,73.49,30.23,9.51,0.8,82.0,24.575,75.125,1010.1875,8.966666666666667,26.941666666666666
kolkata,2020-03-09,57.01,110.73,35.23,11.02,0.72,128.0,23.983333333333334,58.875,1009.8666666666667,7.058333333333334,24.77916666666667
kolkata,2020-03-10,65.59,119.8,38.92,12.04,0.87,149.0,24.066666666666666,59.583333333333336,1009.9250000000001,5.895833333333333,25.129166666666666
kolkata,2020-03-11,56.77,111.27,30.92,13.6,0.67,143.0,25.7,63.583333333333336,1009.8874999999999,5.7,27.708333333333332
kolkata,2020-03-12,57.54,114.2,33.63,12.66,0.72,120.0,25.995833333333334,72.20833333333333,1011.5749999999999,5.0625,29.412499999999998
kolkata,2020-03-13,57.2,110.82,39.86,11.76,0.83,126.0,27.516666666666666,69.75,1011.7041666666668,4.4875,31.295833333333334
kolkata,2020-03-14,52.17,110.27,23.32,9.19,0.55,132.0,26.758333333333336,59.791666666666664,1011.6458333333334,12.895833333333334,27.8625
kolkata,2020-03-15,23.34,55.65,26.71,11.89,0.54,92.0,25.308333333333334,62.791666666666664,1011.3625000000001,8.954166666666667,26.808333333333334
kolkata,2020-03-16,56.05,116.34,38.02,20.02,0.85,107.0,26.233333333333334,71.41666666666667,1011.5791666666668,5.866666666666667,29.454166666666666
kolkata,2020-03-17,61.94,118.28,37.15,10.65,0.83,138.0,26.833333333333332,65.83333333333333,1012.3916666666668,5.254166666666666,29.633333333333336
kolkata,2020-03-18,77.16,148.45,42.14,13.79,0.93,156.0,27.066666666666666,58.583333333333336,1010.9333333333334,7.7625,28.804166666666664
kolkata,2020-03-19,86.38,149.16,45.5,15.41,0.83,207.0,26.829166666666666,51.875,1009.7125,5.583333333333333,27.8625
kolkata,2020-03-20,42.09,82.64,31.8,14.56,0.63,139.0,26.974999999999998,53.083333333333336,1008.9041666666667,9.920833333333333,27.633333333333336
kolkata,2020-03-21,47.22,86.73,26.91,14.65,0.55,117.0,26.825,60.25,1009.4333333333334,6.95,28.662499999999998
kolkata,2020-03-22,16.18,30.44,17.81,8.37,0.38,83.0,24.462500000000002,76.08333333333333,1010.7541666666666,9.804166666666667,26.84166666666667
kolkata,2020-03-23,29.31,56.35,17.95,10.22,0.53,99.0,25.6875,69.41666666666667,1009.9291666666667,5.545833333333333,28.441666666666666
kolkata,2020-03-24,33.21,52.19,13.92,9.68,0.52,88.0,26.433333333333334,72.875,1008.3208333333333,6.1375,29.775000000000002
kolkata,2020-03-25,53.01,77.59,15.94,12.52,0.57,96.0,27.058333333333334,70.125,1007.2166666666667,6.8374999999999995,30.245833333333334
kolkata,2020-03-26,37.02,60.49,14.36,6.8,0.52,95.0,29.22083333333333,60.416666666666664,1007.7958333333332,7.254166666666666,31.929166666666664
kolkata,2020-03-27,48.1,83.63,14.86,11.62,0.55,106.0,30.041666666666668,55.458333333333336,1008.5375,8.625,32.24583333333333
kolkata,2020-03-28,46.57,77.11,15.71,11.46,0.57,100.0,31.1375,53.0,1006.9708333333333,8.695833333333333,33.579166666666666
kolkata,2020-03-29,40.85,68.04,14.53,9.52,0.54,101.0,30.3,48.708333333333336,1006.7041666666668,9.3125,31.929166666666664
kolkata,2020-03-30,43.56,71.92,16.55,10.03,0.54,107.0,29.724999999999998,48.791666666666664,1007.9125,8.204166666666667,31.045833333333334
kolkata,2020-03-31,44.67,76.1,19.05,9.83,0.54,110.0,29.875,51.916666666666664,1007.9499999999999,8.066666666666666,31.554166666666664
kolkata,2020-04-01,50.19,78.52,12.41,11.65,0.57,117.0,30.587500000000002,61.166666666666664,1006.525,9.295833333333333,33.725
kolkata,2020-04-02,42.51,62.04,11.91,7.73,0.56,100.0,30.816666666666666,65.33333333333333,1005.4541666666668,13.950000000000001,34.03333333333333
kolkata,2020-04-03,43.08,71.67,13.25,7.33,0.62,100.0,29.8875,65.125,1006.7791666666667,6.808333333333334,34.13333333333333
kolkata,2020-04-04,60.85,100.15,14.82,9.55,0.55,129.0,30.433333333333334,59.583333333333336,1008.4166666666666,7.233333333333333,33.78333333333333
kolkata,2020-04-05,47.78,75.16,11.03,9.11,0.45,112.0,30.195833333333336,66.375,1008.4833333333332,7.545833333333333,34.36666666666667
kolkata,2020-04-06,38.78,70.1,14.7,9.56,0.41,96.0,31.037499999999998,52.333333333333336,1007.5833333333334,9.075000000000001,32.88333333333333
kolkata,2020-04-07,39.33,74.46,11.32,13.28,0.39,95.0,30.879166666666666,55.25,1005.875,13.158333333333333,32.637499999999996
kolkata,2020-04-08,23.45,48.43,11.92,10.0,0.34,82.0,31.016666666666666,52.541666666666664,1006.5,10.916666666666666,32.833333333333336
kolkata,2020-04-09,20.26,43.54,12.71,12.12,0.33,100.0,30.287499999999998,56.458333333333336,1007.0916666666667,9.0875,32.6875
kolkata,2020-04-10,19.11,37.8,9.24,8.23,0.38,79.0,29.979166666666668,67.70833333333333,1009.0708333333333,10.816666666666668,33.6875
kolkata,2020-04-11,18.03,39.16,8.65,7.51,0.35,62.0,29.47083333333333,71.70833333333333,1009.7041666666668,10.904166666666667,33.65416666666667
kolkata,2020-04-12,23.56,57.98,8.48,6.94,0.34,60.0,29.195833333333336,72.0,1008.1374999999999,9.987499999999999,33.4
kolkata,2020-04-13,24.5,48.39,7.64,6.8,0.38,65.0,30.120833333333334,74.25,1006.2958333333332,11.191666666666668,35.025
kolkata,2020-04-14,26.65,50.91,6.37,5.31,0.37,56.0,29.5,76.20833333333333,1007.5083333333333,9.987499999999999,34.699999999999996
kolkata,2020-04-15,24.33,55.61,8.17,6.88,0.37,59.0,28.162499999999998,80.91666666666667,1007.7958333333332,8.8375,33.395833333333336
kolkata,2020-04-16,30.15,62.36,11.56,6.99,0.41,68.0,28.141666666666666,77.70833333333333,1006.1374999999999,7.358333333333333,33.15833333333333
kolkata,2020-04-17,21.85,45.57,7.8,7.69,0.34,62.0,30.349999999999998,71.16666666666667,1004.4875000000001,15.225,34.55833333333333
kolkata,2020-04-18,18.37,39.71,8.91,8.1,0.36,48.0,29.479166666666668,80.04166666666667,1005.9291666666667,13.137500000000001,34.75416666666667
kolkata,2020-04-19,13.35,31.37,8.77,8.07,0.32,67.0,29.7,75.125,1006.5291666666667,11.75,34.670833333333334
kolkata,2020-04-20,14.57,30.86,7.56,6.68,0.34,45.0,29.412499999999998,78.91666666666667,1006.6458333333334,13.516666666666666,34.4
kolkata,2020-04-21,11.81,24.7,12.3,6.26,0.34,56.0,27.84583333333333,78.95833333333333,1007.3000000000001,11.0625,32.19166666666667
kolkata,2020-04-22,16.18,29.16,10.21,9.8,0.34,56.0,25.916666666666668,83.83333333333333,1007.1625,8.716666666666667,30.150000000000002
kolkata,2020-04-23,13.48,27.12,9.0,6.14,0.32,41.0,26.683333333333334,85.45833333333333,1006.5541666666667,10.762500000000001,31.254166666666666
kolkata,2020-04-24,10.49,23.68,8.56,7.5,0.33,44.0,25.058333333333334,91.375,1005.8249999999999,8.7875,29.608333333333334
kolkata,2020-04-25,15.3,29.63,8.68,7.45,0.33,59.0,26.7625,81.95833333333333,1005.9125,10.4375,30.90416666666667
kolkata,2020-04-26,15.74,27.95,8.54,6.61,0.34,59.0,25.34166666666667,90.0,1008.5,6.7875000000000005,30.22083333333333
kolkata,2020-04-27,10.67,36.11,8.2,5.52,0.32,44.0,25.45,87.83333333333333,1010.1999999999999,6.633333333333333,30.191666666666666
kolkata,2020-04-28,7.71,19.98,9.15,5.21,0.34,45.0,25.099999999999998,89.375,1009.1208333333334,6.625,29.770833333333332
kolkata,2020-04-29,16.66,31.0,10.52,6.04,0.36,51.0,25.8625,86.125,1007.5500000000001,5.458333333333333,30.879166666666666
kolkata,2020-04-30,13.88,29.3,9.11,7.42,0.31,54.0,26.400000000000002,86.54166666666667,1007.9291666666667,5.7875000000000005,31.7375
kolkata,2020-05-01,10.46,25.57,8.2,5.88,0.29,51.0,26.224999999999998,86.75,1007.35,5.591666666666666,31.491666666666664
kolkata,2020-05-02,16.81,32.46,10.69,5.57,0.39,49.0,26.441666666666666,82.125,1005.65,5.075,31.34166666666667
kolkata,2020-05-03,18.04,32.98,9.23,5.76,0.38,57.0,26.933333333333334,81.875,1005.4333333333334,5.675,32.079166666666666
kolkata,2020-05-04,22.15,42.76,9.69,5.25,0.38,50.0,27.166666666666668,87.08333333333333,1006.8708333333334,5.0,33.0875
kolkata,2020-05-05,17.49,35.85,8.59,5.75,0.34,50.0,28.745833333333334,83.08333333333333,1005.8874999999999,10.9125,34.28333333333333
kolkata,2020-05-06,12.66,27.77,10.21,6.73,0.36,61.0,27.400000000000002,81.875,1006.1291666666666,7.045833333333333,32.550000000000004
kolkata,2020-05-07,16.77,34.69,9.68,5.95,0.32,59.0,28.09166666666667,83.91666666666667,1006.2041666666668,7.816666666666666,33.88333333333333
kolkata,2020-05-08,16.16,32.48,8.03,6.29,0.34,64.0,28.3875,80.83333333333333,1005.4333333333334,10.674999999999999,33.50416666666667
kolkata,2020-05-09,21.76,44.67,8.27,5.5,0.36,73.0,29.370833333333334,82.29166666666667,1005.9458333333333,7.458333333333333,35.920833333333334
kolkata,2020-05-10,19.3,42.14,6.6,5.4,0.34,63.0,29.516666666666666,83.08333333333333,1006.0124999999999,7.920833333333333,36.199999999999996
kolkata,2020-05-11,19.21,41.4,8.78,6.44,0.38,75.0,29.104166666666668,80.83333333333333,1007.1208333333334,4.333333333333333,35.729166666666664
kolkata,2020-05-12,29.09,59.6,9.97,10.2,0.38,97.0,29.583333333333332,77.95833333333333,1006.1999999999999,7.808333333333334,35.5875
kolkata,2020-05-13,24.23,53.11,6.96,8.82,0.29,71.0,29.599999999999998,78.04166666666667,1005.1750000000001,10.858333333333334,35.145833333333336
kolkata,2020-05-14,16.61,41.75,5.56,5.95,0.26,52.0,29.883333333333336,77.95833333333333,1004.6333333333333,14.004166666666668,35.225
kolkata,2020-05-15,12.3,31.18,5.35,5.58,0.27,44.0,30.112499999999997,77.20833333333333,1002.9791666666666,15.570833333333333,35.19166666666667
kolkata,2020-05-16,11.23,30.52,5.27,5.08,0.27,44.0,30.620833333333334,76.5,1002.1333333333333,15.041666666666666,36.0625
kolkata,2020-05-17,10.61,31.76,5.42,5.26,0.28,50.0,30.854166666666668,76.04166666666667,1001.9041666666667,11.8125,36.766666666666666
kolkata,2020-05-18,12.93,33.06,5.99,4.03,0.28,38.0,30.141666666666666,74.5,1000.4375,10.512500000000001,35.50416666666667
kolkata,2020-05-19,8.32,22.93,5.94,3.71,0.28,32.0,28.379166666666666,83.5,999.1125000000001,12.799999999999999,33.375
kolkata,2020-05-20,10.3,23.54,6.05,4.79,0.26,39.0,25.441666666666666,90.875,986.3791666666666,37.5875,25.962500000000002
kolkata,2020-05-21,7.3,32.25,6.66,4.39,0.36,37.0,25.724999999999998,81.125,995.6374999999999,21.1875,27.645833333333332
kolkata,2020-05-22,17.4,38.11,6.8,4.44,0.36,47.0,28.162499999999998,80.25,1001.5875,11.816666666666668,32.9375
kolkata,2020-05-23,21.78,55.17,5.53,3.9,0.34,50.0,29.5125,82.0,1002.75,16.858333333333334,34.55416666666667
kolkata,2020-05-24,18.89,49.54,5.08,5.09,0.35,49.0,29.7375,80.79166666666667,1002.4499999999999,21.150000000000002,34.229166666666664
kolkata,2020-05-25,16.54,51.67,5.14,5.28,0.34,48.0,29.845833333333335,81.25,1002.8041666666667,25.866666666666664,33.75833333333333
kolkata,2020-05-26,15.14,47.74,5.53,6.54,0.34,46.0,29.458333333333332,80.75,1002.3083333333334,27.02916666666667,32.775
kolkata,2020-05-27,13.81,39.88,6.09,5.8,0.33,43.0,29.087500000000002,80.95833333333333,1001.85,24.295833333333334,32.62083333333333
kolkata,2020-05-28,15.07,31.97,10.72,5.29,0.41,47.0,28.391666666666666,85.08333333333333,1002.4250000000001,17.141666666666666,33.02916666666667
kolkata,2020-05-29,17.5,38.8,8.17,5.79,0.36,55.0,27.883333333333336,87.125,1003.6875,7.7875000000000005,33.858333333333334
kolkata,2020-05-30,15.02,37.46,6.76,4.99,0.33,52.0,28.8125,84.70833333333333,1004.4583333333334,10.916666666666666,34.62916666666667
kolkata,2020-05-31,14.29,32.47,7.76,5.52,0.37,55.0,28.808333333333334,84.75,1006.0124999999999,11.137500000000001,34.545833333333334
kolkata,2020-06-01,12.65,32.89,9.78,6.54,0.34,45.0,29.304166666666664,83.125,1005.7458333333334,13.924999999999999,34.791666666666664
kolkata,2020-06-02,12.76,34.52,10.59,7.45,0.34,51.0,29.099999999999998,83.79166666666667,1004.2541666666666,13.025,34.762499999999996
kolkata,2020-06-03,14.58,33.88,12.35,8.73,0.35,63.0,29.020833333333332,84.5,1003.6166666666667,12.012500000000001,34.954166666666666
kolkata,2020-06-04,16.0,36.33,7.42,7.57,0.33,52.0,29.5625,84.33333333333333,1002.8041666666667,13.2875,35.50416666666667
kolkata,2020-06-05,11.25,28.39,7.44,6.83,0.32,46.0,29.4875,84.83333333333333,1001.8666666666667,16.191666666666666,35.020833333333336
kolkata,2020-06-06,16.85,41.15,14.22,6.88,0.36,59.0,30.025000000000002,82.70833333333333,1001.2208333333333,11.516666666666666,36.3125
kolkata,2020-06-07,24.22,48.4,10.9,6.07,0.39,67.0,29.495833333333334,86.33333333333333,1000.725,7.254166666666666,36.56666666666667
kolkata,2020-06-08,23.13,43.41,14.77,9.67,0.43,59.0,29.483333333333334,85.79166666666667,1000.2791666666667,7.791666666666667,36.44583333333333
kolkata,2020-06-09,19.63,43.1,9.72,16.76,0.35,54.0,29.820833333333336,85.29166666666667,1000.3708333333334,5.933333333333334,37.237500000000004
kolkata,2020-06-10,14.39,35.54,9.41,5.5,0.35,40.0,29.133333333333336,85.0,1000.0291666666667,8.220833333333333,35.545833333333334
kolkata,2020-06-11,6.99,21.41,9.52,4.65,0.37,32.0,27.96666666666667,89.04166666666667,998.7624999999999,11.4625,33.65833333333334
kolkata,2020-06-12,8.7,22.11,11.15,5.05,0.37,38.0,27.695833333333336,89.79166666666667,997.6791666666667,12.262500000000001,33.22083333333333
kolkata,2020-06-13,8.96,25.88,9.69,4.69,0.38,38.0,28.320833333333336,88.41666666666667,998.1666666666666,13.533333333333333,33.9
kolkata,2020-06-14,9.93,25.89,8.63,4.56,0.36,32.0,28.195833333333336,88.41666666666667,999.3708333333334,14.441666666666668,33.53333333333333
kolkata,2020-06-15,11.99,31.75,10.35,4.65,0.37,34.0,28.025000000000002,89.91666666666667,998.9375,11.466666666666667,33.925000000000004
kolkata,2020-06-16,9.9,27.05,10.69,5.44,0.36,47.0,27.729166666666668,90.33333333333333,997.4499999999999,10.070833333333333,33.641666666666666
kolkata,2020-06-17,14.57,41.37,12.68,5.29,0.39,50.0,27.516666666666666,91.70833333333333,996.875,13.908333333333333,32.92916666666667
kolkata,2020-06-18,15.18,39.77,11.92,5.71,0.37,47.0,28.958333333333332,85.0,997.8791666666666,14.670833333333334,34.43333333333333
kolkata,2020-06-19,18.5,46.04,11.68,5.75,0.39,50.0,28.84583333333333,87.91666666666667,999.1750000000001,10.0875,35.208333333333336
kolkata,2020-06-20,11.11,34.98,8.06,5.45,0.34,45.0,28.254166666666666,89.33333333333333,999.0583333333334,11.991666666666667,34.1625
kolkata,2020-06-21,9.3,27.62,7.36,5.75,0.35,37.0,27.920833333333334,89.45833333333333,997.3083333333334,12.929166666666667,33.50833333333333
kolkata,2020-06-22,13.7,36.69,9.13,5.45,0.36,42.0,28.441666666666666,86.33333333333333,998.3416666666667,15.799999999999999,33.541666666666664
kolkata,2020-06-23,15.9,43.17,9.47,4.63,0.37,45.0,29.15416666666667,85.0,1002.1458333333334,14.258333333333333,34.729166666666664
kolkata,2020-06-24,16.98,50.87,9.37,5.9,0.35,52.0,29.770833333333332,81.375,1003.2916666666666,15.8375,35.112500000000004
kolkata,2020-06-25,15.53,43.63,6.83,7.69,0.32,52.0,29.96666666666667,78.875,1002.3458333333333,18.4375,34.762499999999996
kolkata,2020-06-26,9.59,28.44,7.91,8.2,0.34,42.0,29.974999999999998,79.58333333333333,1001.0749999999999,18.845833333333335,34.725
kolkata,2020-06-27,7.89,24.73,9.25,5.73,0.35,37.0,28.870833333333334,86.375,1000.7166666666667,16.275000000000002,34.175
kolkata,2020-06-28,10.58,25.56,12.63,5.92,0.38,43.0,28.983333333333334,86.75,1000.6999999999999,12.370833333333332,34.92916666666667
kolkata,2020-06-29,14.53,32.4,15.98,7.01,0.45,48.0,27.837500000000002,90.79166666666667,1001.3208333333333,9.512500000000001,33.949999999999996
kolkata,2020-06-30,14.0,35.85,12.29,5.66,0.37,47.0,28.587500000000002,86.875,1001.3375,10.725,34.550000000000004
kolkata,2020-07-01,10.53,31.58,10.01,4.32,0.3,45.0,29.879166666666666,81.375,1000.0875,14.033333333333333,35.65
mumbai,2020-01-01,104.06,183.88,46.39,10.98,1.22,194.0,20.883333333333333,75.45833333333333,1013.0375,8.104166666666666,21.929166666666664
mumbai,2020-01-02,107.87,171.73,41.14,8.03,1.02,260.0,21.883333333333336,76.54166666666667,1015.0625,8.9125,23.2625
mumbai,2020-01-03,93.64,157.8,40.42,7.94,0.97,221.0,21.84166666666667,74.625,1014.475,12.595833333333333,22.504166666666666
mumbai,2020-01-04,94.05,158.44,39.68,6.66,0.96,225.0,21.587500000000002,67.04166666666667,1012.7875,14.262500000000001,21.316666666666666
mumbai,2020-01-05,91.04,162.68,39.93,7.9,1.1,229.0,23.099999999999998,65.5,1011.9791666666666,11.408333333333333,23.579166666666666
mumbai,2020-01-06,70.2,142.64,38.91,8.68,1.01,157.0,24.620833333333334,63.166666666666664,1012.6708333333332,12.549999999999999,25.383333333333336
mumbai,2020-01-07,87.2,165.84,42.33,9.46,1.29,177.0,23.912499999999998,76.29166666666667,1012.2125,9.266666666666667,26.2
mumbai,2020-01-08,64.97,120.55,29.07,7.73,0.89,166.0,23.787499999999998,75.54166666666667,1012.4,10.795833333333334,25.691666666666666
mumbai,2020-01-09,59.98,126.87,38.98,8.96,0.85,122.0,22.650000000000002,58.791666666666664,1012.75,14.333333333333334,22.008333333333336
mumbai,2020-01-10,65.06,143.74,43.01,10.04,0.93,127.0,23.695833333333336,60.916666666666664,1011.7624999999999,11.525,24.016666666666666
mumbai,2020-01-11,76.71,162.07,43.56,10.12,1.08,151.0,25.333333333333332,65.58333333333333,1012.4125,10.354166666666666,26.929166666666664
mumbai,2020-01-12,98.12,194.66,38.02,10.84,1.47,211.0,24.78333333333333,73.04166666666667,1012.5124999999999,8.133333333333335,27.233333333333334
mumbai,2020-01-13,68.39,120.46,29.65,6.73,0.84,178.0,23.9375,84.45833333333333,1011.4541666666668,8.058333333333334,27.2375
mumbai,2020-01-14,36.33,97.67,26.54,6.28,0.7,100.0,23.141666666666666,78.58333333333333,1011.5,12.445833333333333,24.825
mumbai,2020-01-15,30.53,91.62,30.43,6.32,0.65,97.0,21.916666666666668,62.708333333333336,1012.1291666666666,14.125,21.379166666666666
mumbai,2020-01-16,34.16,84.73,31.54,5.95,0.66,90.0,20.2625,64.125,1013.6125000000001,12.733333333333334,19.458333333333332
mumbai,2020-01-17,51.0,115.87,41.19,6.3,0.68,93.0,19.445833333333333,55.791666666666664,1013.9458333333333,14.7875,17.541666666666668
mumbai,2020-01-18,87.28,167.77,55.99,7.63,0.98,160.0,21.258333333333333,62.125,1012.4,11.920833333333334,20.783333333333335
mumbai,2020-01-19,96.1,195.03,48.29,8.28,1.12,213.0,23.016666666666666,63.625,1012.3125,10.745833333333332,23.53333333333333
mumbai,2020-01-20,89.26,181.54,47.23,10.52,1.3,205.0,23.541666666666668,70.625,1012.2541666666666,9.095833333333333,25.0625
mumbai,2020-01-21,96.99,207.73,44.95,10.32,1.58,227.0,23.462500000000002,73.0,1013.275,9.108333333333333,25.1875
mumbai,2020-01-22,78.69,173.23,42.07,11.8,1.49,192.0,24.270833333333332,65.125,1013.975,10.045833333333333,25.4375
mumbai,2020-01-23,87.78,189.99,44.52,11.77,1.24,196.0,25.583333333333332,61.833333333333336,1012.9833333333332,13.491666666666667,26.516666666666666
mumbai,2020-01-24,73.57,163.95,40.8,11.7,1.17,172.0,25.333333333333332,65.54166666666667,1012.5583333333334,10.929166666666667,26.879166666666666
mumbai,2020-01-25,91.57,192.11,43.88,14.01,1.32,182.0,25.079166666666666,63.75,1012.4916666666667,11.225,26.320833333333336
mumbai,2020-01-26,103.35,210.51,43.92,13.46,1.4,253.0,24.454166666666666,71.16666666666667,1010.9916666666667,8.9375,26.495833333333334
mumbai,2020-01-27,57.22,120.42,29.0,10.5,0.76,183.0,23.729166666666668,76.75,1010.9333333333334,8.6625,26.0625
mumbai,2020-01-28,25.47,81.69,21.6,8.01,0.64,94.0,22.8125,78.875,1012.0666666666666,9.666666666666666,24.804166666666664
mumbai,2020-01-29,19.77,97.0,22.88,4.22,0.56,85.0,21.854166666666668,62.875,1014.7958333333332,13.35,21.491666666666664
mumbai,2020-01-30,52.66,141.65,38.17,8.11,0.84,123.0,21.037499999999998,59.583333333333336,1013.8458333333333,11.204166666666666,20.395833333333332
mumbai,2020-01-31,65.97,158.62,43.82,8.65,1.03,145.0,21.083333333333332,62.125,1011.6791666666667,11.025,20.7625
mumbai,2020-02-01,72.14,168.79,46.68,7.48,1.12,154.0,22.308333333333334,60.5,1011.3333333333334,12.045833333333334,22.141666666666666
mumbai,2020-02-02,80.79,186.22,38.05,8.75,1.31,183.0,22.96666666666667,72.875,1012.7708333333334,7.6875,24.704166666666666
mumbai,2020-02-03,83.47,165.19,35.54,6.21,1.28,192.0,22.650000000000002,81.5,1013.6374999999999,6.7375,25.27916666666667
mumbai,2020-02-04,77.73,151.8,40.07,7.25,0.77,178.0,23.179166666666664,70.04166666666667,1012.5208333333334,11.116666666666667,24.204166666666666
mumbai,2020-02-05,60.91,153.38,47.47,9.38,0.96,151.0,23.037499999999998,51.625,1012.1750000000001,11.504166666666668,22.325
mumbai,2020-02-06,47.67,127.57,36.64,7.87,0.87,138.0,22.59583333333333,60.5,1012.2833333333333,11.145833333333334,22.587500000000002
mumbai,2020-02-07,49.35,136.21,39.96,9.22,0.9,129.0,21.554166666666664,59.041666666666664,1013.3416666666667,12.520833333333334,20.845833333333335
mumbai,2020-02-08,68.47,151.73,39.85,7.72,1.0,133.0,22.65416666666667,63.375,1013.15,14.1,22.429166666666664
mumbai,2020-02-09,68.29,144.61,31.18,9.26,1.03,142.0,24.7,52.166666666666664,1013.1,15.720833333333333,23.974999999999998
mumbai,2020-02-10,56.58,129.32,36.19,8.38,0.93,134.0,25.75,56.375,1011.9875000000001,14.270833333333334,26.104166666666668
mumbai,2020-02-11,60.95,143.87,38.82,8.71,1.05,130.0,26.770833333333332,59.0,1012.1291666666666,12.225,27.962500000000002
mumbai,2020-02-12,60.53,145.25,48.17,8.9,1.1,136.0,27.90416666666667,55.75,1013.6333333333333,11.729166666666666,29.229166666666668
mumbai,2020-02-13,67.91,152.14,52.26,8.5,1.11,144.0,27.854166666666668,53.666666666666664,1013.8208333333333,12.058333333333335,28.804166666666664
mumbai,2020-02-14,58.14,149.22,48.61,9.01,0.87,141.0,27.666666666666668,42.75,1012.1583333333333,15.595833333333333,26.820833333333336
mumbai,2020-02-15,53.27,151.37,45.62,9.59,0.88,141.0,25.5625,46.5,1011.6291666666666,12.8375,24.891666666666666
mumbai,2020-02-16,68.93,165.51,47.33,10.41,0.95,147.0,25.083333333333332,60.708333333333336,1012.0541666666667,11.179166666666667,26.016666666666666
mumbai,2020-02-17,102.48,212.49,54.75,9.46,1.3,234.0,26.233333333333334,61.166666666666664,1012.4708333333333,9.016666666666667,27.945833333333336
mumbai,2020-02-18,88.15,201.4,61.16,12.09,1.25,217.0,27.150000000000002,56.958333333333336,1011.9541666666668,9.4375,28.7
mumbai,2020-02-19,92.5,212.28,59.13,14.81,1.32,224.0,26.079166666666666,68.70833333333333,1011.4458333333333,8.9375,28.541666666666668
mumbai,2020-02-20,62.8,146.64,46.33,10.38,1.0,175.0,25.141666666666666,74.20833333333333,1010.975,10.891666666666666,27.495833333333334
mumbai,2020-02-21,39.37,100.68,35.82,9.11,0.75,110.0,24.991666666666664,70.08333333333333,1013.0749999999999,10.904166666666667,26.8
mumbai,2020-02-22,65.93,157.96,53.25,12.37,0.97,121.0,25.7,57.541666666666664,1013.9250000000001,11.554166666666667,26.4375
mumbai,2020-02-23,77.63,194.83,57.94,13.28,1.19,185.0,26.46666666666667,50.541666666666664,1012.5749999999999,12.741666666666667,26.545833333333334
mumbai,2020-02-24,84.7,185.63,56.76,12.73,1.22,176.0,25.55,54.166666666666664,1010.6416666666668,12.862499999999999,25.7625
mumbai,2020-02-25,48.01,152.41,49.44,11.32,0.95,170.0,27.175,37.708333333333336,1009.7458333333334,16.583333333333332,25.349999999999998
mumbai,2020-02-26,41.03,131.59,50.32,14.57,0.75,130.0,27.120833333333334,36.541666666666664,1010.3208333333333,13.979166666666666,25.65833333333333
mumbai,2020-02-27,51.74,144.95,57.91,15.46,0.92,136.0,26.325,47.291666666666664,1010.3916666666668,10.85,26.09583333333333
mumbai,2020-02-28,77.61,185.24,71.94,16.66,1.37,173.0,25.5625,53.75,1009.0666666666666,10.179166666666667,26.0
mumbai,2020-02-29,74.98,183.77,58.47,16.08,1.24,193.0,25.454166666666666,61.25,1008.9333333333334,10.816666666666668,26.620833333333334
mumbai,2020-03-01,43.39,121.29,32.11,13.19,0.65,125.0,24.954166666666666,69.54166666666667,1010.0625,12.820833333333333,26.541666666666668
mumbai,2020-03-02,52.18,142.49,28.46,16.93,0.77,123.0,24.391666666666666,78.125,1011.0416666666666,8.658333333333333,27.27916666666667
mumbai,2020-03-03,43.68,137.1,26.55,17.25,0.46,127.0,24.391666666666666,79.58333333333333,1011.5166666666668,8.5125,27.429166666666664
mumbai,2020-03-04,36.73,122.49,27.93,15.98,0.52,118.0,24.47083333333333,75.625,1011.2041666666668,9.4125,27.025000000000002
mumbai,2020-03-05,32.59,108.48,26.95,17.87,0.53,108.0,24.3875,75.25,1009.9666666666667,9.933333333333334,26.866666666666664
mumbai,2020-03-06,20.15,105.77,19.07,17.17,0.43,102.0,24.883333333333336,68.45833333333333,1010.0291666666667,10.416666666666666,26.629166666666666
mumbai,2020-03-07,24.45,131.04,23.93,9.15,0.48,107.0,23.995833333333334,65.41666666666667,1011.9458333333333,10.941666666666668,25.099999999999998
mumbai,2020-03-08,27.0,125.15,31.81,9.73,0.57,122.0,23.258333333333336,67.29166666666667,1011.7125,10.049999999999999,24.3625
mumbai,2020-03-09,35.03,134.18,31.06,9.61,0.67,121.0,23.6875,74.20833333333333,1010.5875,10.05,25.6375
mumbai,2020-03-10,40.47,125.98,20.36,12.7,0.77,128.0,24.491666666666664,75.375,1010.475,8.429166666666667,27.141666666666666
mumbai,2020-03-11,16.04,74.65,19.18,11.07,0.43,88.0,24.6125,65.33333333333333,1011.2875,10.9125,25.974999999999998
mumbai,2020-03-12,18.59,80.55,24.74,10.72,0.49,80.0,23.570833333333336,70.54166666666667,1012.9916666666667,11.933333333333332,24.854166666666668
mumbai,2020-03-13,23.81,108.48,30.64,7.84,0.5,84.0,23.15416666666667,61.708333333333336,1013.2916666666666,15.3125,22.825
mumbai,2020-03-14,30.33,126.36,34.81,7.96,0.58,117.0,24.695833333333336,49.666666666666664,1011.2624999999999,16.045833333333334,23.570833333333336
mumbai,2020-03-15,49.84,175.84,41.75,12.24,1.01,143.0,26.179166666666664,39.791666666666664,1009.3708333333334,10.741666666666667,25.349999999999998
mumbai,2020-03-16,57.99,190.49,53.12,14.86,1.24,154.0,27.270833333333332,45.125,1009.9375,10.754166666666668,27.333333333333332
mumbai,2020-03-17,78.54,204.96,52.95,15.1,1.66,191.0,27.266666666666666,53.833333333333336,1010.9291666666667,10.691666666666668,28.337500000000002
mumbai,2020-03-18,52.03,150.71,42.38,11.79,1.02,167.0,27.4875,56.791666666666664,1011.2458333333334,11.191666666666668,28.991666666666664
mumbai,2020-03-19,30.33,99.38,26.7,7.97,0.6,113.0,26.016666666666666,66.875,1011.125,10.5875,28.016666666666666
mumbai,2020-03-20,21.08,84.44,14.85,6.6,0.5,91.0,25.391666666666666,76.45833333333333,1011.2958333333332,8.520833333333334,28.645833333333332
mumbai,2020-03-21,20.14,67.91,16.51,11.0,0.47,82.0,25.03333333333333,78.41666666666667,1011.2083333333334,10.316666666666666,28.079166666666666
mumbai,2020-03-22,16.75,53.27,9.46,12.08,0.36,67.0,25.900000000000002,78.125,1010.725,12.883333333333333,28.95
mumbai,2020-03-23,23.48,64.7,11.07,12.02,0.42,66.0,27.454166666666666,71.54166666666667,1009.4250000000001,12.233333333333334,30.583333333333332
mumbai,2020-03-24,35.58,92.81,12.34,8.75,0.52,86.0,28.28333333333333,64.625,1007.6083333333332,10.904166666666667,31.166666666666668
mumbai,2020-03-25,30.86,77.24,11.34,8.32,0.5,91.0,28.1875,75.625,1007.6625,7.829166666666667,32.97083333333333
mumbai,2020-03-26,27.82,65.48,11.3,10.16,0.43,71.0,28.016666666666666,80.45833333333333,1008.7708333333334,8.545833333333333,33.19583333333333
mumbai,2020-03-27,24.81,69.65,8.64,7.19,0.4,70.0,28.604166666666668,64.75,1010.6541666666667,14.016666666666666,31.204166666666666
mumbai,2020-03-28,28.14,67.46,11.9,7.55,0.48,78.0,28.820833333333336,54.916666666666664,1010.2875,17.295833333333334,29.8
mumbai,2020-03-29,23.43,66.1,9.89,7.27,0.42,78.0,28.620833333333334,55.625,1008.6750000000001,15.491666666666667,29.7625
mumbai,2020-03-30,23.57,63.65,9.66,6.86,0.43,77.0,28.191666666666666,62.541666666666664,1009.15,11.658333333333333,30.745833333333334
mumbai,2020-03-31,25.36,63.61,9.0,7.26,0.46,69.0,27.59583333333333,66.70833333333333,1010.2458333333334,12.320833333333333,30.179166666666664
mumbai,2020-04-01,20.08,58.94,7.77,6.55,0.4,63.0,27.3875,69.45833333333333,1009.8333333333334,13.65,30.041666666666668
mumbai,2020-04-02,26.27,77.19,8.62,6.84,0.43,78.0,28.295833333333334,64.58333333333333,1008.0458333333332,13.533333333333333,30.65833333333333
mumbai,2020-04-03,24.33,83.88,7.58,6.49,0.39,85.0,28.008333333333336,70.875,1008.5375,11.795833333333334,31.462500000000002
mumbai,2020-04-04,24.7,78.44,7.94,6.47,0.42,83.0,27.6125,72.29166666666667,1009.0833333333334,11.200000000000001,31.104166666666668
mumbai,2020-04-05,27.36,73.53,8.48,6.67,0.44,78.0,27.349999999999998,76.75,1010.0083333333333,8.716666666666667,31.633333333333336
mumbai,2020-04-06,20.82,54.45,6.55,7.06,0.36,67.0,27.245833333333334,80.33333333333333,1010.9041666666667,10.487499999999999,31.791666666666668
mumbai,2020-04-07,24.1,79.61,6.24,7.06,0.36,62.0,26.808333333333334,79.66666666666667,1010.0541666666667,8.466666666666667,31.2625
mumbai,2020-04-08,29.52,98.54,6.72,6.95,0.37,93.0,27.22083333333333,76.125,1011.0375,10.045833333333333,31.28333333333333
mumbai,2020-04-09,28.3,93.39,6.81,8.89,0.38,95.0,26.820833333333336,76.625,1010.3874999999999,11.079166666666666,30.52916666666667
mumbai,2020-04-10,25.89,83.39,6.96,8.49,0.37,87.0,27.53333333333333,76.16666666666667,1009.8666666666667,10.9,31.554166666666664
mumbai,2020-04-11,29.54,82.21,7.98,7.97,0.44,81.0,28.8875,70.79166666666667,1010.6208333333334,9.929166666666665,33.07083333333333
mumbai,2020-04-12,28.26,81.99,9.13,7.79,0.45,86.0,28.991666666666664,75.33333333333333,1009.8583333333332,9.174999999999999,34.00416666666667
mumbai,2020-04-13,25.58,75.31,9.18,7.39,0.44,79.0,28.741666666666664,80.16666666666667,1008.5958333333333,9.862499999999999,34.175000000000004
mumbai,2020-04-14,26.89,81.61,10.47,7.61,0.53,87.0,29.5125,74.75,1008.3333333333334,10.054166666666665,34.5375
mumbai,2020-04-15,26.61,66.58,9.77,7.78,0.72,85.0,29.7375,75.0,1009.1666666666666,10.091666666666667,34.858333333333334
mumbai,2020-04-16,20.55,55.03,9.16,6.73,0.59,75.0,29.079166666666666,80.91666666666667,1008.7541666666666,11.720833333333333,34.65833333333333
mumbai,2020-04-17,20.54,53.53,7.89,6.36,0.64,73.0,29.037499999999998,77.625,1008.2958333333332,9.854166666666666,34.43333333333333
mumbai,2020-04-18,18.48,52.34,8.08,6.34,0.63,70.0,29.34166666666667,76.70833333333333,1008.6291666666666,8.420833333333333,34.9375
mumbai,2020-04-19,19.99,63.75,9.07,6.79,0.65,74.0,30.116666666666664,70.83333333333333,1008.1583333333333,11.404166666666667,34.9
mumbai,2020-04-20,25.7,81.0,10.38,7.88,0.7,82.0,31.004166666666666,58.291666666666664,1007.475,13.141666666666666,33.833333333333336
mumbai,2020-04-21,18.64,54.81,6.97,7.59,0.57,76.0,28.75,73.5,1008.6416666666668,9.737499999999999,33.34583333333333
mumbai,2020-04-22,18.03,52.92,6.11,8.4,0.41,61.0,28.8125,79.95833333333333,1008.0083333333333,9.158333333333333,34.46666666666667
mumbai,2020-04-23,19.8,54.84,6.99,10.28,0.4,67.0,29.454166666666666,75.45833333333333,1008.25,10.529166666666667,34.645833333333336
mumbai,2020-04-24,20.82,47.88,6.09,11.57,0.38,58.0,29.008333333333336,78.75,1007.4458333333333,9.975,34.42916666666667
mumbai,2020-04-25,16.78,44.63,6.5,12.46,0.32,57.0,29.129166666666666,74.25,1008.4499999999999,9.491666666666667,34.15
mumbai,2020-04-26,19.05,51.09,8.25,14.12,0.36,63.0,28.370833333333334,78.375,1008.7208333333333,11.295833333333334,33.21666666666667
mumbai,2020-04-27,17.23,45.04,5.72,14.37,0.34,60.0,28.733333333333334,75.0,1009.9375,9.545833333333333,33.5625
mumbai,2020-04-28,19.82,50.93,7.66,13.98,0.35,60.0,29.304166666666664,75.16666666666667,1008.2791666666667,13.154166666666667,33.90833333333333
mumbai,2020-04-29,21.01,57.68,6.68,14.49,0.36,77.0,29.75,76.79166666666667,1008.0291666666667,9.516666666666667,35.50833333333333
mumbai,2020-04-30,20.8,53.42,6.96,15.2,0.33,68.0,29.849999999999998,76.66666666666667,1009.3708333333334,11.3125,35.387499999999996
mumbai,2020-05-01,15.53,43.76,5.54,14.47,0.31,61.0,29.75,76.33333333333333,1009.5124999999999,11.633333333333333,35.079166666666666
mumbai,2020-05-02,13.15,39.87,5.44,12.43,0.28,53.0,29.745833333333334,77.91666666666667,1008.0749999999999,11.525,35.3375
mumbai,2020-05-03,12.02,34.64,5.28,12.04,0.27,53.0,29.691666666666666,77.41666666666667,1007.7666666666668,11.795833333333334,35.15416666666667
mumbai,2020-05-04,11.51,33.77,5.21,11.52,0.28,47.0,29.183333333333334,80.20833333333333,1008.6791666666667,10.950000000000001,34.833333333333336
mumbai,2020-05-05,11.2,42.66,6.59,10.62,0.29,51.0,29.558333333333334,79.45833333333333,1007.9166666666666,11.008333333333333,35.32083333333333
mumbai,2020-05-06,12.09,55.6,6.71,12.95,0.3,61.0,29.854166666666668,79.70833333333333,1006.7916666666666,10.141666666666667,35.94583333333333
mumbai,2020-05-07,14.3,52.48,6.24,20.98,0.35,65.0,28.929166666666664,80.95833333333333,1007.5791666666668,9.799999999999999,34.699999999999996
mumbai,2020-05-08,15.26,60.85,5.62,29.68,0.38,69.0,29.325,76.95833333333333,1007.8249999999999,8.720833333333333,34.9625
mumbai,2020-05-09,14.21,54.67,5.12,32.49,0.3,67.0,29.483333333333334,75.70833333333333,1008.0,9.5875,34.9125
mumbai,2020-05-10,13.08,49.13,3.32,32.18,0.3,70.0,29.537499999999998,78.04166666666667,1007.4833333333332,10.458333333333334,35.11666666666667
mumbai,2020-05-11,16.85,57.84,6.4,28.8,0.36,75.0,29.766666666666666,75.91666666666667,1007.8583333333332,10.1625,35.208333333333336
mumbai,2020-05-12,13.72,51.68,5.73,37.37,0.34,81.0,29.108333333333334,77.04166666666667,1007.3249999999999,10.054166666666667,34.35
mumbai,2020-05-13,14.67,53.52,7.35,29.05,0.28,74.0,29.5125,78.70833333333333,1006.7125,10.333333333333334,35.22083333333333
mumbai,2020-05-14,15.23,56.14,9.24,21.85,0.29,65.0,29.983333333333334,77.08333333333333,1005.9250000000001,11.85,35.612500000000004
mumbai,2020-05-15,17.67,62.36,9.47,26.61,0.31,70.0,30.2625,74.875,1005.9833333333332,12.787500000000001,35.5625
mumbai,2020-05-16,30.44,109.67,9.88,14.56,0.31,79.0,30.275000000000002,75.33333333333333,1005.9833333333332,10.8375,35.71666666666667
mumbai,2020-05-17,29.74,110.21,8.21,13.73,0.28,119.0,30.037499999999998,75.41666666666667,1005.4916666666667,11.854166666666666,35.3125
mumbai,2020-05-18,21.3,74.82,9.61,15.6,0.26,86.0,30.1875,72.70833333333333,1004.975,15.637500000000001,34.645833333333336
mumbai,2020-05-19,15.36,65.41,9.44,14.24,0.28,74.0,29.858333333333334,71.875,1004.5375,13.254166666666668,34.387499999999996
mumbai,2020-05-20,14.14,48.48,11.07,14.07,0.28,66.0,29.8,70.58333333333333,1004.6083333333332,11.225,34.46666666666667
mumbai,2020-05-21,16.44,43.01,12.93,12.22,0.27,57.0,29.775000000000002,71.83333333333333,1005.8166666666666,10.895833333333334,34.670833333333334
mumbai,2020-05-22,14.78,43.77,11.9,12.06,0.26,51.0,29.78333333333333,73.54166666666667,1007.0041666666666,10.262500000000001,34.949999999999996
mumbai,2020-05-23,15.18,52.48,10.89,10.33,0.29,55.0,29.491666666666664,78.20833333333333,1006.6875,12.158333333333333,34.84166666666667
mumbai,2020-05-24,12.33,44.41,10.01,9.66,0.25,55.0,30.129166666666666,75.33333333333333,1007.2291666666666,12.220833333333333,35.516666666666666
mumbai,2020-05-25,11.81,53.97,9.36,8.85,0.25,54.0,30.099999999999998,76.20833333333333,1007.7375000000001,10.825000000000001,35.770833333333336
mumbai,2020-05-26,12.64,60.01,8.14,8.57,0.24,57.0,30.041666666666668,76.29166666666667,1007.8291666666668,10.825000000000001,35.7125
mumbai,2020-05-27,11.7,49.07,8.74,6.44,0.21,59.0,29.97083333333333,74.375,1007.3958333333334,12.241666666666667,35.141666666666666
mumbai,2020-05-28,12.21,46.97,7.43,6.76,0.22,56.0,30.379166666666666,70.125,1006.5541666666667,13.608333333333334,34.99166666666667
mumbai,2020-05-29,7.33,30.7,7.02,7.58,0.26,50.0,30.516666666666666,72.33333333333333,1006.5833333333334,12.754166666666668,35.6
mumbai,2020-05-30,10.08,42.19,6.63,6.93,0.27,49.0,30.304166666666664,75.0,1006.9791666666666,10.195833333333333,36.05833333333333
mumbai,2020-05-31,8.99,41.07,6.51,6.9,0.31,53.0,30.7625,71.54166666666667,1007.0833333333334,14.008333333333333,35.637499999999996
mumbai,2020-06-01,17.27,44.22,13.22,7.68,0.33,48.0,29.045833333333334,78.04166666666667,1007.475,6.266666666666667,34.708333333333336
mumbai,2020-06-02,21.94,46.59,16.61,7.71,0.43,52.0,27.84166666666667,80.83333333333333,1004.4708333333333,11.0875,32.46666666666667
mumbai,2020-06-03,8.38,19.05,12.38,7.7,0.28,50.0,26.425,84.875,996.8541666666666,32.112500000000004,27.65416666666667
mumbai,2020-06-04,20.53,47.52,15.73,10.03,0.34,48.0,27.641666666666666,84.125,1004.3874999999999,14.816666666666668,32.045833333333334
mumbai,2020-06-05,11.26,33.01,16.35,11.64,0.31,66.0,27.508333333333336,86.08333333333333,1005.6958333333333,17.8625,31.766666666666666
mumbai,2020-06-06,9.38,30.27,10.81,11.76,0.28,46.0,27.079166666666666,87.375,1005.4125,18.087500000000002,31.054166666666664
mumbai,2020-06-07,10.85,35.86,10.79,10.8,0.31,49.0,27.175,87.375,1005.6083333333332,17.083333333333332,31.400000000000002
mumbai,2020-06-08,8.92,25.63,13.93,11.19,0.33,50.0,26.954166666666666,87.29166666666667,1005.9041666666667,13.879166666666668,31.53333333333333
mumbai,2020-06-09,8.93,28.08,10.65,11.95,0.33,47.0,27.474999999999998,88.625,1005.8208333333333,11.341666666666667,33.020833333333336
mumbai,2020-06-10,10.43,34.98,8.75,12.71,0.33,48.0,27.71666666666667,89.54166666666667,1004.8416666666667,9.700000000000001,33.762499999999996
mumbai,2020-06-11,9.0,28.18,8.24,12.79,0.32,48.0,27.5,89.125,1002.65,9.879166666666666,33.22083333333333
mumbai,2020-06-12,10.46,31.78,11.19,13.66,0.38,52.0,27.537499999999998,88.375,1000.5833333333334,9.066666666666666,33.225
mumbai,2020-06-13,10.36,27.75,12.43,13.49,0.39,54.0,27.241666666666664,89.20833333333333,1000.4541666666668,8.645833333333334,32.9125
mumbai,2020-06-14,9.87,25.02,12.87,10.2,0.38,51.0,27.804166666666664,88.04166666666667,1001.9791666666666,10.820833333333333,33.5
mumbai,2020-06-15,10.58,27.54,14.08,11.14,0.4,49.0,27.558333333333334,89.625,1001.8416666666667,9.924999999999999,33.375
mumbai,2020-06-16,9.59,22.68,13.97,11.24,0.44,54.0,27.195833333333336,88.91666666666667,1001.0083333333333,11.229166666666666,32.40833333333333
mumbai,2020-06-17,6.62,21.38,14.26,11.22,0.41,46.0,26.866666666666664,90.54166666666667,1001.0500000000001,15.6875,31.474999999999998
mumbai,2020-06-18,7.46,26.97,16.02,10.89,0.43,50.0,26.90833333333333,90.16666666666667,1003.1,20.679166666666667,30.733333333333334
mumbai,2020-06-19,14.69,54.73,11.74,10.96,0.42,58.0,27.525000000000002,90.45833333333333,1004.9541666666668,16.95,32.37916666666667
mumbai,2020-06-20,11.97,52.15,8.43,10.72,0.34,61.0,27.625,89.5,1005.6958333333333,14.929166666666667,32.69583333333333
mumbai,2020-06-21,9.27,41.0,9.94,11.43,0.32,55.0,27.09583333333333,91.125,1004.8291666666665,15.633333333333333,31.925
mumbai,2020-06-22,12.61,47.23,10.56,8.82,0.39,51.0,27.21666666666667,89.25,1003.0958333333333,16.412499999999998,31.829166666666666
mumbai,2020-06-23,9.56,32.9,14.83,5.01,0.38,59.0,27.229166666666668,87.375,1003.7624999999999,22.22083333333333,30.833333333333332
mumbai,2020-06-24,8.73,30.22,11.76,4.77,0.4,55.0,27.65833333333333,86.45833333333333,1004.4041666666667,17.279166666666665,32.12916666666667
mumbai,2020-06-25,11.84,43.79,9.81,5.19,0.4,59.0,28.09583333333333,85.33333333333333,1003.7958333333332,12.266666666666666,33.49583333333333
mumbai,2020-06-26,13.82,47.1,8.6,7.66,0.42,57.0,27.979166666666668,87.16666666666667,1003.4499999999999,7.670833333333333,34.15
mumbai,2020-06-27,18.04,63.72,8.58,10.36,0.43,64.0,28.2375,85.25,1003.8958333333334,10.041666666666666,33.9375
mumbai,2020-06-28,12.33,44.84,8.06,10.58,0.38,64.0,28.09166666666667,86.08333333333333,1003.9499999999999,10.616666666666665,33.875
mumbai,2020-06-29,7.88,27.51,7.94,11.11,0.38,54.0,27.15833333333333,89.16666666666667,1003.2833333333333,7.808333333333334,32.9
mumbai,2020-06-30,4.66,13.87,8.02,13.4,0.36,54.0,27.295833333333334,88.75,1001.8583333333332,11.299999999999999,32.5375
mumbai,2020-07-01,3.84,11.28,5.57,13.18,0.37,53.0,27.075,89.875,1002.8166666666666,16.8875,31.554166666666664
